date,value
2010-01-01,
2010-01-04,1.72
2010-01-05,1.7296
2010-01-06,1.7292
2010-01-07,1.7409
2010-01-08,1.7342
2010-01-11,1.733
2010-01-12,1.7407
2010-01-13,1.748
2010-01-14,1.7684
2010-01-15,1.7681
2010-01-18,
2010-01-19,1.7767
2010-01-20,1.792
2010-01-21,1.8021
2010-01-22,1.821
2010-01-25,1.82
2010-01-26,1.8466
2010-01-27,1.8529
2010-01-28,1.8525
2010-01-29,1.8755
2010-02-01,1.8645
2010-02-02,1.8325
2010-02-03,1.8507
2010-02-04,1.8865
2010-02-05,1.8845
2010-02-08,1.8648
2010-02-09,1.845
2010-02-10,1.8575
2010-02-11,1.8551
2010-02-12,1.8624
2010-02-15,
2010-02-16,1.8394
2010-02-17,1.8355
2010-02-18,1.8229
2010-02-19,1.805
2010-02-22,1.808
2010-02-23,1.8225
2010-02-24,1.8203
2010-02-25,1.84
2010-02-26,1.801
2010-03-01,1.7971
2010-03-02,1.7822
2010-03-03,1.7763
2010-03-04,1.7895
2010-03-05,1.7781
2010-03-08,1.787
2010-03-09,1.7894
2010-03-10,1.7685
2010-03-11,1.7698
2010-03-12,1.763
2010-03-15,1.766
2010-03-16,1.762
2010-03-17,1.7655
2010-03-18,1.7895
2010-03-19,1.7988
2010-03-22,1.8022
2010-03-23,1.7815
2010-03-24,1.7882
2010-03-25,1.805
2010-03-26,1.8207
2010-03-29,1.808
2010-03-30,1.797
2010-03-31,1.7821
2010-04-01,1.7659
2010-04-02,1.764
2010-04-05,1.7585
2010-04-06,1.7593
2010-04-07,1.7635
2010-04-08,1.778
2010-04-09,1.7709
2010-04-12,1.7575
2010-04-13,1.7583
2010-04-14,1.7445
2010-04-15,1.7428
2010-04-16,1.761
2010-04-19,1.7622
2010-04-20,1.7509
2010-04-21,1.7497
2010-04-22,1.769
2010-04-23,1.7633
2010-04-26,1.745
2010-04-27,1.7652
2010-04-28,1.7622
2010-04-29,1.7305
2010-04-30,1.727
2010-05-03,1.736
2010-05-04,1.7515
2010-05-05,1.7819
2010-05-06,1.8365
2010-05-07,1.836
2010-05-10,1.7783
2010-05-11,1.7764
2010-05-12,1.7734
2010-05-13,1.7721
2010-05-14,1.8035
2010-05-17,1.8204
2010-05-18,1.798
2010-05-19,1.8498
2010-05-20,1.8885
2010-05-21,1.8499
2010-05-24,1.852
2010-05-25,1.8785
2010-05-26,1.856
2010-05-27,1.8274
2010-05-28,1.817
2010-05-31,
2010-06-01,1.8235
2010-06-02,1.8287
2010-06-03,1.817
2010-06-04,1.842
2010-06-07,1.8651
2010-06-08,1.8608
2010-06-09,1.838
2010-06-10,1.814
2010-06-11,1.8045
2010-06-14,1.8017
2010-06-15,1.7902
2010-06-16,1.7854
2010-06-17,1.7819
2010-06-18,1.7723
2010-06-21,1.7624
2010-06-22,1.767
2010-06-23,1.787
2010-06-24,1.7915
2010-06-25,1.782
2010-06-28,1.7773
2010-06-29,1.806
2010-06-30,1.7941
2010-07-01,1.801
2010-07-02,1.7765
2010-07-05,
2010-07-06,1.7628
2010-07-07,1.7706
2010-07-08,1.7595
2010-07-09,1.7587
2010-07-12,1.7648
2010-07-13,1.751
2010-07-14,1.7603
2010-07-15,1.7715
2010-07-16,1.7858
2010-07-19,1.7857
2010-07-20,1.7789
2010-07-21,1.7735
2010-07-22,1.7639
2010-07-23,1.7618
2010-07-26,1.768
2010-07-27,1.764
2010-07-28,1.7623
2010-07-29,1.7678
2010-07-30,1.7585
2010-08-02,1.746
2010-08-03,1.7568
2010-08-04,1.7582
2010-08-05,1.7565
2010-08-06,1.7585
2010-08-09,1.754
2010-08-10,1.7613
2010-08-11,1.767
2010-08-12,1.7685
2010-08-13,1.7718
2010-08-16,1.758
2010-08-17,1.7513
2010-08-18,1.7513
2010-08-19,1.7626
2010-08-20,1.7615
2010-08-23,1.764
2010-08-24,1.7622
2010-08-25,1.768
2010-08-26,1.759
2010-08-27,1.7493
2010-08-30,1.757
2010-08-31,1.7529
2010-09-01,1.7406
2010-09-02,1.7339
2010-09-03,1.7238
2010-09-06,
2010-09-07,1.728
2010-09-08,1.723
2010-09-09,1.7256
2010-09-10,1.7183
2010-09-13,1.7165
2010-09-14,1.7037
2010-09-15,1.7176
2010-09-16,1.7198
2010-09-17,1.7145
2010-09-20,1.7158
2010-09-21,1.7276
2010-09-22,1.7226
2010-09-23,1.7187
2010-09-24,1.7119
2010-09-27,1.7089
2010-09-28,1.7071
2010-09-29,1.7039
2010-09-30,1.696
2010-10-01,1.681
2010-10-04,1.6887
2010-10-05,1.6733
2010-10-06,1.6721
2010-10-07,1.6798
2010-10-08,1.6748
2010-10-11,
2010-10-12,1.6697
2010-10-13,1.6574
2010-10-14,1.6633
2010-10-15,1.6576
2010-10-18,1.6632
2010-10-19,1.6914
2010-10-20,1.6749
2010-10-21,1.693
2010-10-22,1.6948
2010-10-25,1.7078
2010-10-26,1.7053
2010-10-27,1.7164
2010-10-28,1.7119
2010-10-29,1.6982
2010-11-01,1.7042
2010-11-02,1.7033
2010-11-03,1.6985
2010-11-04,1.679
2010-11-05,1.6831
2010-11-08,1.6974
2010-11-09,1.6987
2010-11-10,1.709
2010-11-11,
2010-11-12,1.72
2010-11-15,1.7216
2010-11-16,1.7378
2010-11-17,1.7227
2010-11-18,1.7137
2010-11-19,1.7204
2010-11-22,1.7223
2010-11-23,1.7378
2010-11-24,1.723
2010-11-25,
2010-11-26,1.7268
2010-11-29,1.7282
2010-11-30,1.7146
2010-12-01,1.703
2010-12-02,1.7015
2010-12-03,1.6859
2010-12-06,1.6848
2010-12-07,1.6809
2010-12-08,1.6901
2010-12-09,1.7064
2010-12-10,1.7183
2010-12-13,1.7054
2010-12-14,1.6945
2010-12-15,1.6979
2010-12-16,1.7048
2010-12-17,1.7134
2010-12-20,1.7081
2010-12-21,1.697
2010-12-22,1.6958
2010-12-23,1.6938
2010-12-24,
2010-12-27,1.6897
2010-12-28,1.6898
2010-12-29,1.681
2010-12-30,1.6631
2010-12-31,
2011-01-03,1.6452
2011-01-04,1.6687
2011-01-05,1.6694
2011-01-06,1.688
2011-01-07,1.685
2011-01-10,1.6921
2011-01-11,1.6899
2011-01-12,1.6761
2011-01-13,1.6666
2011-01-14,1.6819
2011-01-17,
2011-01-18,1.6725
2011-01-19,1.6704
2011-01-20,1.6735
2011-01-21,1.6705
2011-01-24,1.6695
2011-01-25,1.67
2011-01-26,1.6682
2011-01-27,1.6746
2011-01-28,1.6845
2011-01-31,1.6739
2011-02-01,1.662
2011-02-02,1.6641
2011-02-03,1.6676
2011-02-04,1.6745
2011-02-07,1.678
2011-02-08,1.6679
2011-02-09,1.6621
2011-02-10,1.667
2011-02-11,1.6655
2011-02-14,1.6665
2011-02-15,1.668
2011-02-16,1.6724
2011-02-17,1.6605
2011-02-18,1.6645
2011-02-21,
2011-02-22,1.666
2011-02-23,1.6737
2011-02-24,1.6617
2011-02-25,1.6597
2011-02-28,1.6598
2011-03-01,1.66
2011-03-02,1.66
2011-03-03,1.655
2011-03-04,1.6432
2011-03-07,1.6532
2011-03-08,1.6542
2011-03-09,1.6553
2011-03-10,1.6589
2011-03-11,1.6612
2011-03-14,1.6658
2011-03-15,1.6673
2011-03-16,1.6685
2011-03-17,1.6723
2011-03-18,1.6727
2011-03-21,1.6638
2011-03-22,1.6632
2011-03-23,1.6609
2011-03-24,1.6565
2011-03-25,1.656
2011-03-28,1.6591
2011-03-29,1.6559
2011-03-30,1.6274
2011-03-31,1.6287
2011-04-01,1.6156
2011-04-04,1.6099
2011-04-05,1.6083
2011-04-06,1.6021
2011-04-07,1.5925
2011-04-08,1.5765
2011-04-11,1.579
2011-04-12,1.5895
2011-04-13,1.5923
2011-04-14,1.5825
2011-04-15,1.5721
2011-04-18,1.595
2011-04-19,1.58
2011-04-20,1.5683
2011-04-21,1.5635
2011-04-22,1.566
2011-04-25,1.5701
2011-04-26,1.5636
2011-04-27,1.5685
2011-04-28,1.587
2011-04-29,1.567
2011-05-02,1.5745
2011-05-03,1.5835
2011-05-04,1.603
2011-05-05,1.6172
2011-05-06,1.6037
2011-05-09,1.621
2011-05-10,1.6069
2011-05-11,1.619
2011-05-12,1.6192
2011-05-13,1.6382
2011-05-16,1.6266
2011-05-17,1.6335
2011-05-18,1.6115
2011-05-19,1.6179
2011-05-20,1.6155
2011-05-23,1.6345
2011-05-24,1.6287
2011-05-25,1.6264
2011-05-26,1.6232
2011-05-27,1.5985
2011-05-30,
2011-05-31,1.5833
2011-06-01,1.5831
2011-06-02,1.5813
2011-06-03,1.5722
2011-06-06,1.5799
2011-06-07,1.5748
2011-06-08,1.581
2011-06-09,1.5832
2011-06-10,1.5974
2011-06-13,1.5892
2011-06-14,1.5808
2011-06-15,1.594
2011-06-16,1.6106
2011-06-17,1.596
2011-06-20,1.5932
2011-06-21,1.5882
2011-06-22,1.5872
2011-06-23,1.5904
2011-06-24,1.5949
2011-06-27,1.5941
2011-06-28,1.579
2011-06-29,1.569
2011-06-30,1.5595
2011-07-01,1.5558
2011-07-04,
2011-07-05,1.5636
2011-07-06,1.5655
2011-07-07,1.5543
2011-07-08,1.5631
2011-07-11,1.5776
2011-07-12,1.576
2011-07-13,1.5708
2011-07-14,1.5733
2011-07-15,1.574
2011-07-18,1.5833
2011-07-19,1.5675
2011-07-20,1.5655
2011-07-21,1.5538
2011-07-22,1.5509
2011-07-25,1.5402
2011-07-26,1.5375
2011-07-27,1.566
2011-07-28,1.562
2011-07-29,1.5495
2011-08-01,1.561
2011-08-02,1.5651
2011-08-03,1.5645
2011-08-04,1.579
2011-08-05,1.5993
2011-08-08,1.599
2011-08-09,1.629
2011-08-10,1.624
2011-08-11,1.6277
2011-08-12,1.6125
2011-08-15,1.5937
2011-08-16,1.5871
2011-08-17,1.5841
2011-08-18,1.6046
2011-08-19,1.5986
2011-08-22,1.6058
2011-08-23,1.5991
2011-08-24,1.6051
2011-08-25,1.6115
2011-08-26,1.6055
2011-08-29,1.5957
2011-08-30,1.5867
2011-08-31,1.5841
2011-09-01,1.6005
2011-09-02,1.6345
2011-09-05,
2011-09-06,1.661
2011-09-07,1.6543
2011-09-08,1.6545
2011-09-09,1.6798
2011-09-12,1.6964
2011-09-13,1.7132
2011-09-14,1.728
2011-09-15,1.7115
2011-09-16,1.7097
2011-09-19,1.7866
2011-09-20,1.7891
2011-09-21,1.8355
2011-09-22,1.8787
2011-09-23,1.8585
2011-09-26,1.8452
2011-09-27,1.8067
2011-09-28,1.815
2011-09-29,1.8261
2011-09-30,1.8485
2011-10-03,1.8815
2011-10-04,1.881
2011-10-05,1.8356
2011-10-06,1.8081
2011-10-07,1.7662
2011-10-10,
2011-10-11,1.7529
2011-10-12,1.7745
2011-10-13,1.745
2011-10-14,1.7373
2011-10-17,1.7491
2011-10-18,1.7568
2011-10-19,1.7655
2011-10-20,1.7983
2011-10-21,1.7702
2011-10-24,1.7522
2011-10-25,1.7611
2011-10-26,1.7645
2011-10-27,1.7207
2011-10-28,1.6916
2011-10-31,1.6933
2011-11-01,1.7525
2011-11-02,1.7355
2011-11-03,1.7433
2011-11-04,1.7545
2011-11-07,1.7516
2011-11-08,1.7388
2011-11-09,1.7596
2011-11-10,1.7627
2011-11-11,
2011-11-14,1.7623
2011-11-15,1.7711
2011-11-16,1.7723
2011-11-17,1.7671
2011-11-18,1.7817
2011-11-21,1.8064
2011-11-22,1.8141
2011-11-23,1.8606
2011-11-24,
2011-11-25,1.8865
2011-11-28,1.8545
2011-11-29,1.8461
2011-11-30,1.8072
2011-12-01,1.7965
2011-12-02,1.8002
2011-12-05,1.7841
2011-12-06,1.794
2011-12-07,1.7908
2011-12-08,1.8137
2011-12-09,1.8072
2011-12-12,1.8385
2011-12-13,1.8527
2011-12-14,1.8812
2011-12-15,1.8603
2011-12-16,1.8548
2011-12-19,1.8662
2011-12-20,1.8459
2011-12-21,1.8574
2011-12-22,1.8523
2011-12-23,1.8595
2011-12-26,
2011-12-27,1.8591
2011-12-28,1.8779
2011-12-29,1.8662
2011-12-30,1.8627
2012-01-02,
2012-01-03,1.8338
2012-01-04,1.8205
2012-01-05,1.8399
2012-01-06,1.8487
2012-01-09,1.8411
2012-01-10,1.8041
2012-01-11,1.8057
2012-01-12,1.7825
2012-01-13,1.7945
2012-01-16,
2012-01-17,1.7778
2012-01-18,1.7688
2012-01-19,1.7593
2012-01-20,1.7629
2012-01-23,1.7534
2012-01-24,1.7637
2012-01-25,1.7613
2012-01-26,1.7392
2012-01-27,1.7401
2012-01-30,1.7507
2012-01-31,1.7527
2012-02-01,1.7383
2012-02-02,1.7233
2012-02-03,1.7232
2012-02-06,1.7154
2012-02-07,1.7214
2012-02-08,1.7185
2012-02-09,1.72
2012-02-10,1.726
2012-02-13,1.7202
2012-02-14,1.7159
2012-02-15,1.7173
2012-02-16,1.7221
2012-02-17,1.7135
2012-02-20,
2012-02-21,1.7171
2012-02-22,1.7074
2012-02-23,1.7096
2012-02-24,1.7065
2012-02-27,1.7058
2012-02-28,1.6997
2012-02-29,1.7148
2012-03-01,1.7108
2012-03-02,1.7263
2012-03-05,1.7353
2012-03-06,1.7584
2012-03-07,1.7626
2012-03-08,1.7747
2012-03-09,1.7865
2012-03-12,1.8202
2012-03-13,1.7969
2012-03-14,1.8175
2012-03-15,1.8052
2012-03-16,1.8025
2012-03-19,1.8073
2012-03-20,1.8214
2012-03-21,1.8265
2012-03-22,1.823
2012-03-23,1.8158
2012-03-26,1.8155
2012-03-27,1.8112
2012-03-28,1.8253
2012-03-29,1.8332
2012-03-30,1.8205
2012-04-02,1.8257
2012-04-03,1.8232
2012-04-04,1.8293
2012-04-05,1.8296
2012-04-06,1.8218
2012-04-09,1.8218
2012-04-10,1.834
2012-04-11,1.8311
2012-04-12,1.8261
2012-04-13,1.8363
2012-04-16,1.8384
2012-04-17,1.8503
2012-04-18,1.8703
2012-04-19,1.8846
2012-04-20,1.8662
2012-04-23,1.8854
2012-04-24,1.8765
2012-04-25,1.8828
2012-04-26,1.8865
2012-04-27,1.8843
2012-04-30,1.893
2012-05-01,1.9037
2012-05-02,1.9151
2012-05-03,1.9275
2012-05-04,1.9258
2012-05-07,1.924
2012-05-08,1.9365
2012-05-09,1.956
2012-05-10,1.9545
2012-05-11,1.9404
2012-05-14,1.9884
2012-05-15,1.9935
2012-05-16,2.0
2012-05-17,1.994
2012-05-18,2.019
2012-05-21,2.0455
2012-05-22,2.046
2012-05-23,2.0675
2012-05-24,2.0306
2012-05-25,1.9917
2012-05-28,
2012-05-29,1.9973
2012-05-30,2.0095
2012-05-31,2.016
2012-06-01,2.0325
2012-06-04,2.0439
2012-06-05,2.0299
2012-06-06,2.017
2012-06-07,2.0325
2012-06-08,2.0257
2012-06-11,2.0369
2012-06-12,2.0586
2012-06-13,2.0628
2012-06-14,2.0724
2012-06-15,2.0397
2012-06-18,2.066
2012-06-19,2.0352
2012-06-20,2.0306
2012-06-21,2.0446
2012-06-22,2.0573
2012-06-25,2.0745
2012-06-26,2.0735
2012-06-27,2.0791
2012-06-28,2.0904
2012-06-29,2.009
2012-07-02,1.9887
2012-07-03,1.9968
2012-07-04,
2012-07-05,2.0271
2012-07-06,2.0369
2012-07-09,2.0311
2012-07-10,2.0343
2012-07-11,2.0367
2012-07-12,2.0477
2012-07-13,2.0376
2012-07-16,2.0391
2012-07-17,2.0327
2012-07-18,2.0214
2012-07-19,2.0212
2012-07-20,2.0217
2012-07-23,2.0393
2012-07-24,2.0428
2012-07-25,2.0381
2012-07-26,2.0268
2012-07-27,2.0138
2012-07-30,2.0354
2012-07-31,2.0514
2012-08-01,2.0384
2012-08-02,2.0514
2012-08-03,2.0237
2012-08-06,2.026
2012-08-07,2.027
2012-08-08,2.0228
2012-08-09,2.0175
2012-08-10,2.015
2012-08-13,2.0279
2012-08-14,2.0256
2012-08-15,2.023
2012-08-16,2.0203
2012-08-17,2.0176
2012-08-20,2.0196
2012-08-21,2.0171
2012-08-22,2.0206
2012-08-23,2.0242
2012-08-24,2.0213
2012-08-27,2.0301
2012-08-28,2.0492
2012-08-29,2.048
2012-08-30,2.0463
2012-08-31,2.0301
2012-09-03,
2012-09-04,2.042
2012-09-05,2.0385
2012-09-06,2.033
2012-09-07,2.0274
2012-09-10,2.0225
2012-09-11,2.0209
2012-09-12,2.0191
2012-09-13,2.025
2012-09-14,2.0172
2012-09-17,2.03
2012-09-18,2.0251
2012-09-19,2.0218
2012-09-20,2.0237
2012-09-21,2.023
2012-09-24,2.0245
2012-09-25,2.0244
2012-09-26,2.0338
2012-09-27,2.0307
2012-09-28,2.0277
2012-10-01,2.0254
2012-10-02,2.026
2012-10-03,2.0244
2012-10-04,2.021
2012-10-05,2.0273
2012-10-08,
2012-10-09,2.0354
2012-10-10,2.0399
2012-10-11,2.036
2012-10-12,2.0436
2012-10-15,2.0355
2012-10-16,2.0326
2012-10-17,2.0323
2012-10-18,2.028
2012-10-19,2.0269
2012-10-22,2.024
2012-10-23,2.0284
2012-10-24,2.0267
2012-10-25,2.0254
2012-10-26,2.025
2012-10-29,2.0295
2012-10-30,2.031
2012-10-31,2.0298
2012-11-01,2.0304
2012-11-02,2.0304
2012-11-05,2.0344
2012-11-06,2.033
2012-11-07,2.0335
2012-11-08,2.0397
2012-11-09,2.0475
2012-11-12,
2012-11-13,2.0638
2012-11-14,2.068
2012-11-15,2.0663
2012-11-16,2.0781
2012-11-19,2.0725
2012-11-20,2.08
2012-11-21,2.0962
2012-11-22,
2012-11-23,2.0872
2012-11-26,2.0838
2012-11-27,2.075
2012-11-28,2.09
2012-11-29,2.1028
2012-11-30,2.1118
2012-12-03,2.1141
2012-12-04,2.1133
2012-12-05,2.1005
2012-12-06,2.079
2012-12-07,2.08
2012-12-10,2.0815
2012-12-11,2.0785
2012-12-12,2.0791
2012-12-13,2.079
2012-12-14,2.0827
2012-12-17,2.093
2012-12-18,2.0852
2012-12-19,2.0747
2012-12-20,2.0596
2012-12-21,2.0767
2012-12-24,2.079
2012-12-25,
2012-12-26,2.0495
2012-12-27,2.0517
2012-12-28,2.0445
2012-12-31,2.0476
2013-01-01,
2013-01-02,2.0425
2013-01-03,2.036
2013-01-04,2.035
2013-01-07,2.026
2013-01-08,2.0393
2013-01-09,2.0384
2013-01-10,2.0325
2013-01-11,2.0375
2013-01-14,2.0301
2013-01-15,2.0375
2013-01-16,2.0405
2013-01-17,2.0425
2013-01-18,2.0441
2013-01-21,
2013-01-22,2.0478
2013-01-23,2.0375
2013-01-24,2.0285
2013-01-25,2.029
2013-01-28,2.0028
2013-01-29,1.9893
2013-01-30,1.986
2013-01-31,1.9875
2013-02-01,1.981
2013-02-04,1.9913
2013-02-05,1.984
2013-02-06,1.9847
2013-02-07,1.9708
2013-02-08,1.9725
2013-02-11,1.9724
2013-02-12,1.968
2013-02-13,1.9663
2013-02-14,1.959
2013-02-15,1.9615
2013-02-18,
2013-02-19,1.9564
2013-02-20,1.9605
2013-02-21,1.9727
2013-02-22,1.971
2013-02-25,1.9688
2013-02-26,1.9905
2013-02-27,1.9776
2013-02-28,1.9767
2013-03-01,1.9829
2013-03-04,1.9798
2013-03-05,1.9654
2013-03-06,1.9667
2013-03-07,1.9595
2013-03-08,1.948
2013-03-11,1.9593
2013-03-12,1.962
2013-03-13,1.9615
2013-03-14,1.9665
2013-03-15,1.9755
2013-03-18,1.9865
2013-03-19,1.9874
2013-03-20,1.9865
2013-03-21,1.9934
2013-03-22,2.017
2013-03-25,2.0136
2013-03-26,2.0067
2013-03-27,2.0133
2013-03-28,2.016
2013-03-29,2.021
2013-04-01,2.018
2013-04-02,2.0175
2013-04-03,2.0235
2013-04-04,2.018
2013-04-05,1.9925
2013-04-08,1.989
2013-04-09,1.9865
2013-04-10,1.9765
2013-04-11,1.972
2013-04-12,1.969
2013-04-15,1.9755
2013-04-16,1.9965
2013-04-17,2.0
2013-04-18,2.018
2013-04-19,2.0075
2013-04-22,2.0138
2013-04-23,2.0145
2013-04-24,2.0225
2013-04-25,2.0115
2013-04-26,2.0016
2013-04-29,2.0015
2013-04-30,1.999
2013-05-01,2.0065
2013-05-02,2.0128
2013-05-03,2.0098
2013-05-06,2.012
2013-05-07,2.0086
2013-05-08,2.0003
2013-05-09,2.001
2013-05-10,2.0275
2013-05-13,2.0163
2013-05-14,2.0054
2013-05-15,2.028
2013-05-16,2.0244
2013-05-17,2.0364
2013-05-20,2.0357
2013-05-21,2.0373
2013-05-22,2.0398
2013-05-23,2.0526
2013-05-24,2.0516
2013-05-27,
2013-05-28,2.0679
2013-05-29,2.0973
2013-05-30,2.1095
2013-05-31,2.1217
2013-06-03,2.1365
2013-06-04,2.1409
2013-06-05,2.1261
2013-06-06,2.127
2013-06-07,2.134
2013-06-10,2.1365
2013-06-11,2.1428
2013-06-12,2.147
2013-06-13,2.1459
2013-06-14,2.1392
2013-06-17,2.1576
2013-06-18,2.164
2013-06-19,2.1743
2013-06-20,2.2655
2013-06-21,2.268
2013-06-24,2.2479
2013-06-25,2.2207
2013-06-26,2.1994
2013-06-27,2.1864
2013-06-28,2.2075
2013-07-01,2.228
2013-07-02,2.2395
2013-07-03,2.2608
2013-07-04,
2013-07-05,2.2635
2013-07-08,2.2605
2013-07-09,2.262
2013-07-10,2.2732
2013-07-11,2.267
2013-07-12,2.2677
2013-07-15,2.245
2013-07-16,2.2439
2013-07-17,2.2315
2013-07-18,2.2282
2013-07-19,2.2345
2013-07-22,2.2317
2013-07-23,2.2212
2013-07-24,2.2388
2013-07-25,2.2586
2013-07-26,2.2525
2013-07-29,2.2605
2013-07-30,2.273
2013-07-31,2.2987
2013-08-01,2.298
2013-08-02,2.2875
2013-08-05,2.3016
2013-08-06,2.2924
2013-08-07,2.2985
2013-08-08,2.2748
2013-08-09,2.271
2013-08-12,2.273
2013-08-13,2.3063
2013-08-14,2.313
2013-08-15,2.3417
2013-08-16,2.3585
2013-08-19,2.4021
2013-08-20,2.3959
2013-08-21,2.4226
2013-08-22,2.4464
2013-08-23,2.3679
2013-08-26,2.3858
2013-08-27,2.3925
2013-08-28,2.3298
2013-08-29,2.3572
2013-08-30,2.3809
2013-09-02,
2013-09-03,2.383
2013-09-04,2.3536
2013-09-05,2.3232
2013-09-06,2.29
2013-09-09,2.2799
2013-09-10,2.293
2013-09-11,2.2884
2013-09-12,2.2716
2013-09-13,2.2825
2013-09-16,2.273
2013-09-17,2.255
2013-09-18,2.2429
2013-09-19,2.2067
2013-09-20,2.2047
2013-09-23,2.1997
2013-09-24,2.1978
2013-09-25,2.2221
2013-09-26,2.238
2013-09-27,2.2577
2013-09-30,2.2193
2013-10-01,2.224
2013-10-02,2.2031
2013-10-03,2.2086
2013-10-04,2.2005
2013-10-07,2.2027
2013-10-08,2.2016
2013-10-09,2.208
2013-10-10,2.1769
2013-10-11,2.1846
2013-10-14,
2013-10-15,2.1765
2013-10-16,2.1567
2013-10-17,2.1615
2013-10-18,2.163
2013-10-21,2.1728
2013-10-22,2.1673
2013-10-23,2.1805
2013-10-24,2.1948
2013-10-25,2.187
2013-10-28,2.1828
2013-10-29,2.1785
2013-10-30,2.186
2013-10-31,2.2235
2013-11-01,2.2585
2013-11-04,2.2425
2013-11-05,2.285
2013-11-06,2.2865
2013-11-07,2.2995
2013-11-08,2.3201
2013-11-11,
2013-11-12,2.3303
2013-11-13,2.3259
2013-11-14,2.3229
2013-11-15,2.314
2013-11-18,2.2705
2013-11-19,2.2673
2013-11-20,2.2705
2013-11-21,2.308
2013-11-22,2.2908
2013-11-25,2.29
2013-11-26,2.298
2013-11-27,2.308
2013-11-28,
2013-11-29,2.3345
2013-12-02,2.353
2013-12-03,2.3664
2013-12-04,2.3784
2013-12-05,2.362
2013-12-06,2.3338
2013-12-09,2.3197
2013-12-10,2.3106
2013-12-11,2.3308
2013-12-12,2.339
2013-12-13,2.337
2013-12-16,2.3215
2013-12-17,2.3181
2013-12-18,2.3462
2013-12-19,2.3535
2013-12-20,2.3741
2013-12-23,2.3685
2013-12-24,2.357
2013-12-25,
2013-12-26,2.3535
2013-12-27,2.3527
2013-12-30,2.3524
2013-12-31,2.3608
2014-01-01,
2014-01-02,2.4015
2014-01-03,2.3831
2014-01-06,2.3744
2014-01-07,2.3732
2014-01-08,2.3883
2014-01-09,2.4017
2014-01-10,2.3645
2014-01-13,2.354
2014-01-14,2.3557
2014-01-15,2.35
2014-01-16,2.3681
2014-01-17,2.355
2014-01-20,
2014-01-21,2.362
2014-01-22,2.3739
2014-01-23,2.3895
2014-01-24,2.4008
2014-01-27,2.4185
2014-01-28,2.4262
2014-01-29,2.4361
2014-01-30,2.4133
2014-01-31,2.4116
2014-02-03,2.4373
2014-02-04,2.406
2014-02-05,2.397
2014-02-06,2.3858
2014-02-07,2.382
2014-02-10,2.3925
2014-02-11,2.4083
2014-02-12,2.4121
2014-02-13,2.4135
2014-02-14,2.3859
2014-02-17,
2014-02-18,2.3902
2014-02-19,2.3895
2014-02-20,2.3713
2014-02-21,2.3565
2014-02-24,2.33
2014-02-25,2.3338
2014-02-26,2.3495
2014-02-27,2.3315
2014-02-28,2.3321
2014-03-03,2.3411
2014-03-04,2.3406
2014-03-05,2.3281
2014-03-06,2.3051
2014-03-07,2.3383
2014-03-10,2.344
2014-03-11,2.3495
2014-03-12,2.3617
2014-03-13,2.356
2014-03-14,2.3584
2014-03-17,2.3532
2014-03-18,2.3415
2014-03-19,2.331
2014-03-20,2.3339
2014-03-21,2.3215
2014-03-24,2.322
2014-03-25,2.3092
2014-03-26,2.306
2014-03-27,2.2671
2014-03-28,2.2627
2014-03-31,2.2552
2014-04-01,2.2626
2014-04-02,2.2704
2014-04-03,2.2795
2014-04-04,2.2403
2014-04-07,2.2209
2014-04-08,2.194
2014-04-09,2.2154
2014-04-10,2.1954
2014-04-11,2.2075
2014-04-14,2.2096
2014-04-15,2.2355
2014-04-16,2.2355
2014-04-17,2.2488
2014-04-18,2.237
2014-04-21,2.236
2014-04-22,2.2425
2014-04-23,2.2372
2014-04-24,2.2231
2014-04-25,2.2357
2014-04-28,2.231
2014-04-29,2.2205
2014-04-30,2.236
2014-05-01,2.2335
2014-05-02,2.2177
2014-05-05,2.2324
2014-05-06,2.2278
2014-05-07,2.2231
2014-05-08,2.2048
2014-05-09,2.215
2014-05-12,2.219
2014-05-13,2.2095
2014-05-14,2.2043
2014-05-15,2.225
2014-05-16,2.2115
2014-05-19,2.204
2014-05-20,2.21
2014-05-21,2.2075
2014-05-22,2.218
2014-05-23,2.2154
2014-05-26,
2014-05-27,2.2371
2014-05-28,2.2388
2014-05-29,2.2188
2014-05-30,2.2365
2014-06-02,2.2685
2014-06-03,2.2695
2014-06-04,2.2846
2014-06-05,2.262
2014-06-06,2.2421
2014-06-09,2.2292
2014-06-10,2.2271
2014-06-11,2.2296
2014-06-12,2.231
2014-06-13,2.2305
2014-06-16,2.2339
2014-06-17,2.2561
2014-06-18,2.2526
2014-06-19,2.2527
2014-06-20,2.236
2014-06-23,2.2175
2014-06-24,2.2202
2014-06-25,2.2073
2014-06-26,2.2056
2014-06-27,2.1974
2014-06-30,2.203
2014-07-01,2.2015
2014-07-02,2.2169
2014-07-03,2.2163
2014-07-04,
2014-07-07,2.2192
2014-07-08,2.2134
2014-07-09,2.2129
2014-07-10,2.2223
2014-07-11,2.22
2014-07-14,2.2135
2014-07-15,2.2237
2014-07-16,2.2235
2014-07-17,2.2446
2014-07-18,2.2326
2014-07-21,2.2194
2014-07-22,2.207
2014-07-23,2.2184
2014-07-24,2.2172
2014-07-25,2.2286
2014-07-28,2.2298
2014-07-29,2.229
2014-07-30,2.2533
2014-07-31,2.2696
2014-08-01,2.2674
2014-08-04,2.2591
2014-08-05,2.277
2014-08-06,2.2754
2014-08-07,2.2884
2014-08-08,2.296
2014-08-11,2.274
2014-08-12,2.2739
2014-08-13,2.2762
2014-08-14,2.2709
2014-08-15,2.2736
2014-08-18,2.2595
2014-08-19,2.2555
2014-08-20,2.2537
2014-08-21,2.2555
2014-08-22,2.2784
2014-08-25,2.2823
2014-08-26,2.2725
2014-08-27,2.2594
2014-08-28,2.2521
2014-08-29,2.2381
2014-09-01,
2014-09-02,2.2513
2014-09-03,2.2308
2014-09-04,2.2399
2014-09-05,2.244
2014-09-08,2.2498
2014-09-09,2.2825
2014-09-10,2.2956
2014-09-11,2.2882
2014-09-12,2.3301
2014-09-15,2.3451
2014-09-16,2.3227
2014-09-17,2.3458
2014-09-18,2.3602
2014-09-19,2.3747
2014-09-22,2.3862
2014-09-23,2.41
2014-09-24,2.4022
2014-09-25,2.4179
2014-09-26,2.4243
2014-09-29,2.4458
2014-09-30,2.4484
2014-10-01,2.4746
2014-10-02,2.4881
2014-10-03,2.487
2014-10-06,2.4086
2014-10-07,2.3901
2014-10-08,2.4274
2014-10-09,2.3922
2014-10-10,2.4096
2014-10-13,
2014-10-14,2.3943
2014-10-15,2.4393
2014-10-16,2.4742
2014-10-17,2.4328
2014-10-20,2.4555
2014-10-21,2.4687
2014-10-22,2.4711
2014-10-23,2.5029
2014-10-24,2.4657
2014-10-27,2.5429
2014-10-28,2.4705
2014-10-29,2.4349
2014-10-30,2.4058
2014-10-31,2.4535
2014-11-03,2.4964
2014-11-04,2.5178
2014-11-05,2.507
2014-11-06,2.5541
2014-11-07,2.5705
2014-11-10,2.5402
2014-11-11,
2014-11-12,2.5496
2014-11-13,2.5922
2014-11-14,2.603
2014-11-17,2.6016
2014-11-18,2.5954
2014-11-19,2.5744
2014-11-20,2.5718
2014-11-21,2.5247
2014-11-24,2.5478
2014-11-25,2.53
2014-11-26,2.5006
2014-11-27,
2014-11-28,2.572
2014-12-01,2.562
2014-12-02,2.5737
2014-12-03,2.5549
2014-12-04,2.5781
2014-12-05,2.601
2014-12-08,2.6142
2014-12-09,2.5941
2014-12-10,2.6106
2014-12-11,2.6445
2014-12-12,2.672
2014-12-15,2.6917
2014-12-16,2.7306
2014-12-17,2.691
2014-12-18,2.6454
2014-12-19,2.6538
2014-12-22,2.6532
2014-12-23,2.6996
2014-12-24,2.695
2014-12-25,
2014-12-26,
2014-12-29,2.6974
2014-12-30,2.6605
2014-12-31,2.6563
2015-01-01,
2015-01-02,2.6967
2015-01-05,2.7284
2015-01-06,2.7013
2015-01-07,2.7
2015-01-08,2.6635
2015-01-09,2.6375
2015-01-12,2.6673
2015-01-13,2.6366
2015-01-14,2.6145
2015-01-15,2.6324
2015-01-16,2.6225
2015-01-19,
2015-01-20,2.6148
2015-01-21,2.5982
2015-01-22,2.5644
2015-01-23,2.5805
2015-01-26,2.582
2015-01-27,2.5737
2015-01-28,2.5825
2015-01-29,2.6113
2015-01-30,2.6843
2015-02-02,2.7086
2015-02-03,2.7016
2015-02-04,2.7403
2015-02-05,2.7306
2015-02-06,2.7681
2015-02-09,2.7872
2015-02-10,2.8304
2015-02-11,2.8724
2015-02-12,2.8225
2015-02-13,2.8273
2015-02-16,
2015-02-17,2.829
2015-02-18,2.8467
2015-02-19,2.8578
2015-02-20,2.8773
2015-02-23,2.8688
2015-02-24,2.8462
2015-02-25,2.8656
2015-02-26,2.8806
2015-02-27,2.8618
2015-03-02,2.8765
2015-03-03,2.8967
2015-03-04,2.979
2015-03-05,2.9961
2015-03-06,3.0601
2015-03-09,3.1015
2015-03-10,3.1273
2015-03-11,3.0881
2015-03-12,3.1247
2015-03-13,3.2605
2015-03-16,3.2204
2015-03-17,3.2632
2015-03-18,3.2747
2015-03-19,3.2931
2015-03-20,3.2206
2015-03-23,3.1596
2015-03-24,3.1534
2015-03-25,3.1609
2015-03-26,3.1768
2015-03-27,3.2412
2015-03-30,3.2515
2015-03-31,3.1843
2015-04-01,3.1547
2015-04-02,3.1373
2015-04-03,3.12
2015-04-06,3.0961
2015-04-07,3.1105
2015-04-08,3.0852
2015-04-09,3.0345
2015-04-10,3.0784
2015-04-13,3.1157
2015-04-14,3.0779
2015-04-15,3.0571
2015-04-16,3.018
2015-04-17,3.0639
2015-04-20,3.0446
2015-04-21,3.033
2015-04-22,2.9988
2015-04-23,2.9807
2015-04-24,2.9631
2015-04-27,2.9049
2015-04-28,2.9002
2015-04-29,2.9393
2015-04-30,3.0121
2015-05-01,3.0145
2015-05-04,3.072
2015-05-05,3.0585
2015-05-06,3.0485
2015-05-07,3.039
2015-05-08,2.9808
2015-05-11,3.0385
2015-05-12,3.0223
2015-05-13,3.0265
2015-05-14,2.991
2015-05-15,2.9779
2015-05-18,3.012
2015-05-19,3.0175
2015-05-20,3.0308
2015-05-21,3.0431
2015-05-22,3.0705
2015-05-25,
2015-05-26,3.1489
2015-05-27,3.1708
2015-05-28,3.1755
2015-05-29,3.1855
2015-06-01,3.1655
2015-06-02,3.1391
2015-06-03,3.1103
2015-06-04,3.1446
2015-06-05,3.1604
2015-06-08,3.1226
2015-06-09,3.095
2015-06-10,3.1013
2015-06-11,3.1419
2015-06-12,3.1011
2015-06-15,3.0958
2015-06-16,3.1052
2015-06-17,3.0946
2015-06-18,3.0405
2015-06-19,3.0887
2015-06-22,3.0833
2015-06-23,3.0913
2015-06-24,3.0884
2015-06-25,3.1144
2015-06-26,3.1223
2015-06-29,3.1403
2015-06-30,3.1106
2015-07-01,3.1269
2015-07-02,3.111
2015-07-03,
2015-07-06,3.1454
2015-07-07,3.1905
2015-07-08,3.2319
2015-07-09,3.213
2015-07-10,3.1834
2015-07-13,3.1507
2015-07-14,3.1197
2015-07-15,3.1531
2015-07-16,3.134
2015-07-17,3.1915
2015-07-20,3.2123
2015-07-21,3.1725
2015-07-22,3.2232
2015-07-23,3.2862
2015-07-24,3.3302
2015-07-27,3.356
2015-07-28,3.3941
2015-07-29,3.3308
2015-07-30,3.3696
2015-07-31,3.4078
2015-08-03,3.4487
2015-08-04,3.4693
2015-08-05,3.4884
2015-08-06,3.5684
2015-08-07,3.5281
2015-08-10,3.4699
2015-08-11,3.5086
2015-08-12,3.4725
2015-08-13,3.5147
2015-08-14,3.4625
2015-08-17,3.4728
2015-08-18,3.4623
2015-08-19,3.5021
2015-08-20,3.4617
2015-08-21,3.497
2015-08-24,3.5539
2015-08-25,3.5456
2015-08-26,3.6333
2015-08-27,3.5499
2015-08-28,3.5938
2015-08-31,3.6206
2015-09-01,3.6715
2015-09-02,3.7389
2015-09-03,3.7546
2015-09-04,3.8094
2015-09-07,
2015-09-08,3.8081
2015-09-09,3.79
2015-09-10,3.8587
2015-09-11,3.8757
2015-09-14,3.8391
2015-09-15,3.8655
2015-09-16,3.8255
2015-09-17,3.893
2015-09-18,3.921
2015-09-21,3.9911
2015-09-22,4.049
2015-09-23,4.1093
2015-09-24,4.1638
2015-09-25,3.9489
2015-09-28,4.007
2015-09-29,4.0921
2015-09-30,3.9554
2015-10-01,4.0003
2015-10-02,3.9712
2015-10-05,3.8924
2015-10-06,3.8406
2015-10-07,3.8123
2015-10-08,3.8295
2015-10-09,3.7339
2015-10-12,
2015-10-13,3.8314
2015-10-14,3.8366
2015-10-15,3.842
2015-10-16,3.8527
2015-10-19,3.9005
2015-10-20,3.8845
2015-10-21,3.9514
2015-10-22,3.9249
2015-10-23,3.8964
2015-10-26,3.8788
2015-10-27,3.9002
2015-10-28,3.8594
2015-10-29,3.8971
2015-10-30,3.8439
2015-11-02,3.8503
2015-11-03,3.7578
2015-11-04,3.7946
2015-11-05,3.7809
2015-11-06,3.8055
2015-11-09,3.7855
2015-11-10,3.7978
2015-11-11,
2015-11-12,3.7898
2015-11-13,3.8235
2015-11-16,3.846
2015-11-17,3.8123
2015-11-18,3.7914
2015-11-19,3.7365
2015-11-20,3.7048
2015-11-23,3.7239
2015-11-24,3.7064
2015-11-25,3.7508
2015-11-26,
2015-11-27,3.7736
2015-11-30,3.8982
2015-12-01,3.8491
2015-12-02,3.8633
2015-12-03,3.7762
2015-12-04,3.7426
2015-12-07,3.7595
2015-12-08,3.8032
2015-12-09,3.7264
2015-12-10,3.7787
2015-12-11,3.8791
2015-12-14,3.8972
2015-12-15,3.9
2015-12-16,3.9421
2015-12-17,3.9053
2015-12-18,3.9336
2015-12-21,4.0231
2015-12-22,3.998
2015-12-23,3.9672
2015-12-24,3.9358
2015-12-25,
2015-12-28,3.859
2015-12-29,3.8917
2015-12-30,3.988
2015-12-31,3.9593
2016-01-01,
2016-01-04,4.0613
2016-01-05,4.0108
2016-01-06,4.0163
2016-01-07,4.0504
2016-01-08,4.048
2016-01-11,4.0464
2016-01-12,4.0454
2016-01-13,3.9893
2016-01-14,4.0032
2016-01-15,4.048
2016-01-18,
2016-01-19,4.042
2016-01-20,4.1103
2016-01-21,4.1299
2016-01-22,4.1061
2016-01-25,4.0887
2016-01-26,4.0701
2016-01-27,4.0557
2016-01-28,4.0979
2016-01-29,4.0364
2016-02-01,3.9866
2016-02-02,3.9885
2016-02-03,3.9478
2016-02-04,3.8785
2016-02-05,3.9101
2016-02-08,3.8979
2016-02-09,3.8863
2016-02-10,3.9366
2016-02-11,3.9704
2016-02-12,3.9764
2016-02-15,
2016-02-16,4.0564
2016-02-17,3.9856
2016-02-18,4.0191
2016-02-19,4.0428
2016-02-22,3.933
2016-02-23,3.974
2016-02-24,3.9774
2016-02-25,3.929
2016-02-26,4.012
2016-02-29,3.9793
2016-03-01,3.9475
2016-03-02,3.8948
2016-03-03,3.8246
2016-03-04,3.728
2016-03-07,3.7745
2016-03-08,3.7721
2016-03-09,3.6902
2016-03-10,3.6698
2016-03-11,3.6166
2016-03-14,3.6265
2016-03-15,3.7298
2016-03-16,3.7998
2016-03-17,3.6201
2016-03-18,3.605
2016-03-21,3.6064
2016-03-22,3.5921
2016-03-23,3.6735
2016-03-24,3.7043
2016-03-25,3.7028
2016-03-28,3.639
2016-03-29,3.6726
2016-03-30,3.6145
2016-03-31,3.55
2016-04-01,3.541
2016-04-04,3.5994
2016-04-05,3.6659
2016-04-06,3.6538
2016-04-07,3.7106
2016-04-08,3.6288
2016-04-11,3.516
2016-04-12,3.552
2016-04-13,3.5606
2016-04-14,3.5035
2016-04-15,3.5362
2016-04-18,3.5977
2016-04-19,3.542
2016-04-20,3.5444
2016-04-21,3.5444
2016-04-22,3.5864
2016-04-25,3.5482
2016-04-26,3.5269
2016-04-27,3.5375
2016-04-28,3.4824
2016-04-29,3.4547
2016-05-02,3.505
2016-05-03,3.5652
2016-05-04,3.5339
2016-05-05,3.526
2016-05-06,3.5255
2016-05-09,3.556
2016-05-10,3.4742
2016-05-11,3.4594
2016-05-12,3.4942
2016-05-13,3.5075
2016-05-16,3.5034
2016-05-17,3.4942
2016-05-18,3.5268
2016-05-19,3.6051
2016-05-20,3.5386
2016-05-23,3.5753
2016-05-24,3.5518
2016-05-25,3.6072
2016-05-26,3.5775
2016-05-27,3.6122
2016-05-30,
2016-05-31,3.6074
2016-06-01,3.603
2016-06-02,3.5978
2016-06-03,3.5332
2016-06-06,3.5094
2016-06-07,3.4604
2016-06-08,3.377
2016-06-09,3.3934
2016-06-10,3.4298
2016-06-13,3.4599
2016-06-14,3.4959
2016-06-15,3.4715
2016-06-16,3.4952
2016-06-17,3.4301
2016-06-20,3.3937
2016-06-21,3.4038
2016-06-22,3.3794
2016-06-23,3.344
2016-06-24,3.3895
2016-06-27,3.4025
2016-06-28,3.3074
2016-06-29,3.2386
2016-06-30,3.2003
2016-07-01,3.2448
2016-07-04,
2016-07-05,3.2964
2016-07-06,3.3217
2016-07-07,3.3436
2016-07-08,3.2835
2016-07-11,3.3095
2016-07-12,3.274
2016-07-13,3.2895
2016-07-14,3.235
2016-07-15,3.2731
2016-07-18,3.2523
2016-07-19,3.2754
2016-07-20,3.2468
2016-07-21,3.2692
2016-07-22,3.2856
2016-07-25,3.287
2016-07-26,3.277
2016-07-27,3.2867
2016-07-28,3.2737
2016-07-29,3.238
2016-08-01,3.265
2016-08-02,3.2521
2016-08-03,3.2595
2016-08-04,3.2
2016-08-05,3.1873
2016-08-08,3.1841
2016-08-09,3.1325
2016-08-10,3.1292
2016-08-11,3.1369
2016-08-12,3.1648
2016-08-15,3.1717
2016-08-16,3.1782
2016-08-17,3.2273
2016-08-18,3.229
2016-08-19,3.2219
2016-08-22,3.2209
2016-08-23,3.2196
2016-08-24,3.236
2016-08-25,3.2291
2016-08-26,3.2085
2016-08-29,3.2436
2016-08-30,3.2525
2016-08-31,3.247
2016-09-01,3.246
2016-09-02,3.248
2016-09-05,
2016-09-06,3.2217
2016-09-07,3.2223
2016-09-08,3.1962
2016-09-09,3.2687
2016-09-12,3.2762
2016-09-13,3.3144
2016-09-14,3.3196
2016-09-15,3.3274
2016-09-16,3.2923
2016-09-19,3.2565
2016-09-20,3.2633
2016-09-21,3.2393
2016-09-22,3.2092
2016-09-23,3.227
2016-09-26,3.2345
2016-09-27,3.2364
2016-09-28,3.2468
2016-09-29,3.2276
2016-09-30,3.2434
2016-10-03,3.2333
2016-10-04,3.2339
2016-10-05,3.2326
2016-10-06,3.2309
2016-10-07,3.2296
2016-10-10,
2016-10-11,3.2111
2016-10-12,3.2111
2016-10-13,3.199
2016-10-14,3.1975
2016-10-17,3.1985
2016-10-18,3.1787
2016-10-19,3.1677
2016-10-20,3.1548
2016-10-21,3.159
2016-10-24,3.1255
2016-10-25,3.1142
2016-10-26,3.132
2016-10-27,3.1494
2016-10-28,3.1833
2016-10-31,3.1658
2016-11-01,3.2342
2016-11-02,3.2364
2016-11-03,3.2386
2016-11-04,3.2411
2016-11-07,3.1978
2016-11-08,3.1801
2016-11-09,3.2163
2016-11-10,3.3653
2016-11-11,
2016-11-14,3.4485
2016-11-15,3.4479
2016-11-16,3.4198
2016-11-17,3.4134
2016-11-18,3.3894
2016-11-21,3.3585
2016-11-22,3.3595
2016-11-23,3.3945
2016-11-24,
2016-11-25,3.4229
2016-11-28,3.3871
2016-11-29,3.4011
2016-11-30,3.3854
2016-12-01,3.4717
2016-12-02,3.4576
2016-12-05,3.4314
2016-12-06,3.4269
2016-12-07,3.3977
2016-12-08,3.3798
2016-12-09,3.3595
2016-12-12,3.3505
2016-12-13,3.3308
2016-12-14,3.3332
2016-12-15,3.3933
2016-12-16,3.386
2016-12-19,3.3725
2016-12-20,3.3631
2016-12-21,3.3335
2016-12-22,3.3153
2016-12-23,3.2687
2016-12-26,
2016-12-27,3.28
2016-12-28,3.283
2016-12-29,3.2456
2016-12-30,3.2532
2017-01-02,
2017-01-03,3.2526
2017-01-04,3.2139
2017-01-05,3.2051
2017-01-06,3.2113
2017-01-09,3.1916
2017-01-10,3.1971
2017-01-11,3.2024
2017-01-12,3.1821
2017-01-13,3.2077
2017-01-16,
2017-01-17,3.2077
2017-01-18,3.2242
2017-01-19,3.2024
2017-01-20,
2017-01-23,3.1685
2017-01-24,3.1695
2017-01-25,3.1697
2017-01-26,3.1892
2017-01-27,3.1537
2017-01-30,3.1152
2017-01-31,3.1477
2017-02-01,3.153
2017-02-02,3.1245
2017-02-03,3.1157
2017-02-06,3.1181
2017-02-07,3.1235
2017-02-08,3.119
2017-02-09,3.1291
2017-02-10,3.1092
2017-02-13,3.1106
2017-02-14,3.1074
2017-02-15,3.0557
2017-02-16,3.0744
2017-02-17,3.1038
2017-02-20,
2017-02-21,3.0932
2017-02-22,3.0778
2017-02-23,3.0645
2017-02-24,3.1123
2017-02-27,3.1085
2017-02-28,3.1085
2017-03-01,3.1028
2017-03-02,3.1264
2017-03-03,3.1385
2017-03-06,3.1218
2017-03-07,3.1222
2017-03-08,3.1527
2017-03-09,3.1684
2017-03-10,3.1552
2017-03-13,3.1524
2017-03-14,3.159
2017-03-15,3.1576
2017-03-16,3.1194
2017-03-17,3.106
2017-03-20,3.0812
2017-03-21,3.084
2017-03-22,3.0863
2017-03-23,3.1348
2017-03-24,3.1144
2017-03-27,3.1197
2017-03-28,3.1298
2017-03-29,3.1175
2017-03-30,3.1203
2017-03-31,3.1628
2017-04-03,3.1183
2017-04-04,3.1147
2017-04-05,3.0932
2017-04-06,3.1087
2017-04-07,3.1258
2017-04-10,3.1443
2017-04-11,3.1456
2017-04-12,3.1519
2017-04-13,3.1309
2017-04-14,3.1445
2017-04-17,3.1036
2017-04-18,3.0997
2017-04-19,3.1399
2017-04-20,3.1466
2017-04-21,3.1475
2017-04-24,3.1254
2017-04-25,3.1669
2017-04-26,3.1961
2017-04-27,3.1867
2017-04-28,3.1896
2017-05-01,3.176
2017-05-02,3.1685
2017-05-03,3.1443
2017-05-04,3.1823
2017-05-05,3.1703
2017-05-08,3.2003
2017-05-09,3.1818
2017-05-10,3.1531
2017-05-11,3.1494
2017-05-12,3.1207
2017-05-15,3.1049
2017-05-16,3.0903
2017-05-17,3.1015
2017-05-18,3.3823
2017-05-19,3.2745
2017-05-22,3.2952
2017-05-23,3.2729
2017-05-24,3.2747
2017-05-25,3.288
2017-05-26,3.2575
2017-05-29,
2017-05-30,3.2651
2017-05-31,3.2405
2017-06-01,3.2398
2017-06-02,3.2391
2017-06-05,3.2896
2017-06-06,3.2813
2017-06-07,3.279
2017-06-08,3.2822
2017-06-09,3.2793
2017-06-12,3.3097
2017-06-13,3.3125
2017-06-14,3.2762
2017-06-15,3.274
2017-06-16,3.2898
2017-06-19,3.2908
2017-06-20,3.3292
2017-06-21,3.3283
2017-06-22,3.3301
2017-06-23,3.3281
2017-06-26,3.3106
2017-06-27,3.3195
2017-06-28,3.2977
2017-06-29,3.3062
2017-06-30,3.3057
2017-07-03,3.3
2017-07-04,
2017-07-05,3.3162
2017-07-06,3.3048
2017-07-07,3.2843
2017-07-10,3.2627
2017-07-11,3.2505
2017-07-12,3.2258
2017-07-13,3.2133
2017-07-14,3.1832
2017-07-17,3.181
2017-07-18,3.1571
2017-07-19,3.1526
2017-07-20,3.1374
2017-07-21,3.1218
2017-07-24,3.1473
2017-07-25,3.1617
2017-07-26,3.1596
2017-07-27,3.1527
2017-07-28,3.1424
2017-07-31,3.1338
2017-08-01,3.1143
2017-08-02,3.1165
2017-08-03,3.1209
2017-08-04,3.1176
2017-08-07,3.1247
2017-08-08,3.1295
2017-08-09,3.1498
2017-08-10,3.1518
2017-08-11,3.1639
2017-08-14,3.176
2017-08-15,3.1942
2017-08-16,3.1635
2017-08-17,3.1585
2017-08-18,3.1548
2017-08-21,3.1436
2017-08-22,3.1505
2017-08-23,3.1521
2017-08-24,3.1428
2017-08-25,3.1463
2017-08-28,3.1577
2017-08-29,3.1656
2017-08-30,3.1592
2017-08-31,3.1454
2017-09-01,3.1308
2017-09-04,
2017-09-05,3.123
2017-09-06,3.1085
2017-09-07,3.099
2017-09-08,3.0942
2017-09-11,3.089
2017-09-12,3.1093
2017-09-13,3.1372
2017-09-14,3.129
2017-09-15,3.1263
2017-09-18,3.1288
2017-09-19,3.132
2017-09-20,3.1198
2017-09-21,3.1358
2017-09-22,3.1257
2017-09-25,3.1496
2017-09-26,3.1703
2017-09-27,3.1915
2017-09-28,3.1865
2017-09-29,3.164
2017-10-02,3.1585
2017-10-03,3.1428
2017-10-04,3.1237
2017-10-05,3.1359
2017-10-06,3.1566
2017-10-09,
2017-10-10,3.1747
2017-10-11,3.1649
2017-10-12,3.1699
2017-10-13,3.1542
2017-10-16,3.1642
2017-10-17,3.1803
2017-10-18,3.1777
2017-10-19,3.1753
2017-10-20,3.1875
2017-10-23,3.2122
2017-10-24,3.2508
2017-10-25,3.2519
2017-10-26,3.253
2017-10-27,3.2731
2017-10-30,3.2599
2017-10-31,3.2705
2017-11-01,3.2697
2017-11-02,3.2671
2017-11-03,3.3075
2017-11-06,3.2782
2017-11-07,3.2776
2017-11-08,3.256
2017-11-09,3.2513
2017-11-10,
2017-11-13,3.294
2017-11-14,3.3031
2017-11-15,3.3132
2017-11-16,3.2756
2017-11-17,3.2629
2017-11-20,3.2573
2017-11-21,3.2447
2017-11-22,3.2347
2017-11-23,
2017-11-24,3.2227
2017-11-27,3.2247
2017-11-28,3.2055
2017-11-29,3.2285
2017-11-30,3.2843
2017-12-01,3.2577
2017-12-04,3.2498
2017-12-05,3.2338
2017-12-06,3.2394
2017-12-07,3.2993
2017-12-08,3.3075
2017-12-11,3.2883
2017-12-12,3.3298
2017-12-13,3.3049
2017-12-14,3.3396
2017-12-15,3.3166
2017-12-18,3.2821
2017-12-19,3.3008
2017-12-20,3.2907
2017-12-21,3.3065
2017-12-22,3.3209
2017-12-25,
2017-12-26,3.3173
2017-12-27,3.3016
2017-12-28,3.3005
2017-12-29,3.3121
2018-01-01,
2018-01-02,3.262
2018-01-03,3.2422
2018-01-04,3.2274
2018-01-05,3.2285
2018-01-08,3.2308
2018-01-09,3.2491
2018-01-10,3.2363
2018-01-11,3.2254
2018-01-12,3.2162
2018-01-15,
2018-01-16,3.2274
2018-01-17,3.2215
2018-01-18,3.2169
2018-01-19,3.205
2018-01-22,3.2024
2018-01-23,3.2312
2018-01-24,3.1938
2018-01-25,3.147
2018-01-26,3.1499
2018-01-29,3.1634
2018-01-30,3.1874
2018-01-31,3.1782
2018-02-01,3.1718
2018-02-02,3.2205
2018-02-05,3.2365
2018-02-06,3.2535
2018-02-07,3.262
2018-02-08,3.2895
2018-02-09,3.3083
2018-02-12,3.2949
2018-02-13,3.2947
2018-02-14,3.2551
2018-02-15,3.2318
2018-02-16,3.2219
2018-02-19,
2018-02-20,3.2434
2018-02-21,3.2581
2018-02-22,3.2579
2018-02-23,3.2344
2018-02-26,3.2381
2018-02-27,3.2472
2018-02-28,3.2428
2018-03-01,3.2421
2018-03-02,3.2513
2018-03-05,3.2527
2018-03-06,3.2191
2018-03-07,3.2364
2018-03-08,3.262
2018-03-09,3.2469
2018-03-12,3.2609
2018-03-13,3.2483
2018-03-14,3.2641
2018-03-15,3.2841
2018-03-16,3.2897
2018-03-19,3.2873
2018-03-20,3.295
2018-03-21,3.2865
2018-03-22,3.3034
2018-03-23,3.3125
2018-03-26,3.3043
2018-03-27,3.3263
2018-03-28,3.337
2018-03-29,3.3229
2018-03-30,3.3045
2018-04-02,3.3149
2018-04-03,3.3222
2018-04-04,3.3474
2018-04-05,3.3212
2018-04-06,3.3702
2018-04-09,3.395
2018-04-10,3.4146
2018-04-11,3.3955
2018-04-12,3.3902
2018-04-13,3.4088
2018-04-16,3.4282
2018-04-17,3.4022
2018-04-18,3.3844
2018-04-19,3.4028
2018-04-20,3.4121
2018-04-23,3.4463
2018-04-24,3.4685
2018-04-25,3.509
2018-04-26,3.4992
2018-04-27,3.4685
2018-04-30,3.4854
2018-05-01,3.507
2018-05-02,3.5404
2018-05-03,3.5496
2018-05-04,3.5213
2018-05-07,3.5543
2018-05-08,3.585
2018-05-09,3.5965
2018-05-10,3.5554
2018-05-11,3.5879
2018-05-14,3.6212
2018-05-15,3.6659
2018-05-16,3.68
2018-05-17,3.7073
2018-05-18,3.7438
2018-05-21,3.7096
2018-05-22,3.6367
2018-05-23,3.6411
2018-05-24,3.6402
2018-05-25,3.6586
2018-05-28,
2018-05-29,3.7283
2018-05-30,3.7389
2018-05-31,3.7262
2018-06-01,3.755
2018-06-04,3.7446
2018-06-05,3.778
2018-06-06,3.8178
2018-06-07,3.9294
2018-06-08,3.7429
2018-06-11,3.6839
2018-06-12,3.6745
2018-06-13,3.7116
2018-06-14,3.7018
2018-06-15,3.7511
2018-06-18,3.7537
2018-06-19,3.7306
2018-06-20,3.7349
2018-06-21,3.7992
2018-06-22,3.7708
2018-06-25,3.7776
2018-06-26,3.7705
2018-06-27,3.8537
2018-06-28,3.8543
2018-06-29,3.8561
2018-07-02,3.9135
2018-07-03,3.8789
2018-07-04,
2018-07-05,3.9242
2018-07-06,3.906
2018-07-09,3.8694
2018-07-10,3.826
2018-07-11,3.8624
2018-07-12,3.8478
2018-07-13,3.8659
2018-07-16,3.8534
2018-07-17,3.8626
2018-07-18,3.8412
2018-07-19,3.8808
2018-07-20,3.7801
2018-07-23,3.7965
2018-07-24,3.7381
2018-07-25,3.7075
2018-07-26,3.7285
2018-07-27,3.7134
2018-07-30,3.7228
2018-07-31,3.745
2018-08-01,3.753
2018-08-02,3.7555
2018-08-03,3.7133
2018-08-06,3.7208
2018-08-07,3.7128
2018-08-08,3.7442
2018-08-09,3.8164
2018-08-10,3.8539
2018-08-13,3.9123
2018-08-14,3.8852
2018-08-15,3.9135
2018-08-16,3.8985
2018-08-17,3.9385
2018-08-20,3.9473
2018-08-21,3.9948
2018-08-22,4.0751
2018-08-23,4.0898
2018-08-24,4.0944
2018-08-27,4.0707
2018-08-28,4.1248
2018-08-29,4.122
2018-08-30,4.2016
2018-08-31,4.128
2018-09-03,
2018-09-04,4.156
2018-09-05,4.1589
2018-09-06,4.1462
2018-09-07,4.0594
2018-09-10,4.1094
2018-09-11,4.1564
2018-09-12,4.1363
2018-09-13,4.1752
2018-09-14,4.1852
2018-09-17,4.1718
2018-09-18,4.1277
2018-09-19,4.116
2018-09-20,4.0834
2018-09-21,4.0536
2018-09-24,4.0733
2018-09-25,4.1186
2018-09-26,4.0425
2018-09-27,3.9968
2018-09-28,3.9995
2018-10-01,4.0059
2018-10-02,3.9223
2018-10-03,3.8806
2018-10-04,3.9229
2018-10-05,3.8808
2018-10-08,
2018-10-09,3.732
2018-10-10,3.7594
2018-10-11,3.7591
2018-10-12,3.7825
2018-10-15,3.7214
2018-10-16,3.7177
2018-10-17,3.6813
2018-10-18,3.705
2018-10-19,3.7121
2018-10-22,3.685
2018-10-23,3.704
2018-10-24,3.7188
2018-10-25,3.6887
2018-10-26,3.6695
2018-10-29,3.667
2018-10-30,3.7156
2018-10-31,3.7129
2018-11-01,3.699
2018-11-02,3.6965
2018-11-05,3.7155
2018-11-06,3.7509
2018-11-07,3.7595
2018-11-08,3.7563
2018-11-09,3.751
2018-11-12,
2018-11-13,3.7983
2018-11-14,3.7831
2018-11-15,3.784
2018-11-16,3.7424
2018-11-19,3.7671
2018-11-20,3.7567
2018-11-21,3.779
2018-11-22,
2018-11-23,3.8205
2018-11-26,3.879
2018-11-27,3.8919
2018-11-28,3.8766
2018-11-29,3.8546
2018-11-30,3.8571
2018-12-03,3.8353
2018-12-04,3.8368
2018-12-05,
2018-12-06,3.9027
2018-12-07,3.8768
2018-12-10,3.9298
2018-12-11,3.9165
2018-12-12,3.849
2018-12-13,3.8856
2018-12-14,3.897
2018-12-17,3.8922
2018-12-18,3.9072
2018-12-19,3.8737
2018-12-20,3.85
2018-12-21,3.8815
2018-12-24,
2018-12-25,
2018-12-26,3.9253
2018-12-27,3.8895
2018-12-28,3.8711
2018-12-31,3.8804
2019-01-01,
2019-01-02,3.8123
2019-01-03,3.7429
2019-01-04,3.7149
2019-01-07,3.71
2019-01-08,3.7204
2019-01-09,3.6832
2019-01-10,3.6915
2019-01-11,3.7073
2019-01-14,
2019-01-15,3.7162
2019-01-16,3.7284
2019-01-17,3.7561
2019-01-18,3.7658
2019-01-21,
2019-01-22,3.7811
2019-01-23,3.7987
2019-01-24,3.7486
2019-01-25,3.77
2019-01-28,3.7628
2019-01-29,3.7288
2019-01-30,3.7222
2019-01-31,3.6501
2019-02-01,3.6552
2019-02-04,3.6676
2019-02-05,3.6798
2019-02-06,3.7015
2019-02-07,3.7232
2019-02-08,3.7363
2019-02-11,3.765
2019-02-12,3.7131
2019-02-13,3.7485
2019-02-14,3.7462
2019-02-15,3.71
2019-02-18,
2019-02-19,3.7145
2019-02-20,
2019-02-21,3.7636
2019-02-22,3.7376
2019-02-25,3.7305
2019-02-26,3.7604
2019-02-27,3.7375
2019-02-28,3.7493
2019-03-01,3.7852
2019-03-04,3.775
2019-03-05,3.775
2019-03-06,3.8152
2019-03-07,3.8836
2019-03-08,3.8639
2019-03-11,3.8435
2019-03-12,3.809
2019-03-13,3.8249
2019-03-14,3.834
2019-03-15,3.814
2019-03-18,3.8097
2019-03-19,3.767
2019-03-20,3.7856
2019-03-21,3.8176
2019-03-22,3.8942
2019-03-25,3.864
2019-03-26,3.876
2019-03-27,3.9602
2019-03-28,3.9689
2019-03-29,3.8892
2019-04-01,3.8699
2019-04-02,3.8647
2019-04-03,3.8437
2019-04-04,3.8703
2019-04-05,3.8627
2019-04-08,3.8569
2019-04-09,3.8531
2019-04-10,3.8269
2019-04-11,3.8509
2019-04-12,3.8711
2019-04-15,3.8717
2019-04-16,3.8972
2019-04-17,3.9381
2019-04-18,3.9302
2019-04-19,3.9311
2019-04-22,3.9281
2019-04-23,3.9418
2019-04-24,3.9758
2019-04-25,3.9635
2019-04-26,3.9227
2019-04-29,3.9362
2019-04-30,3.9367
2019-05-01,3.9195
2019-05-02,3.9644
2019-05-03,3.9366
2019-05-06,3.9534
2019-05-07,3.9847
2019-05-08,3.929
2019-05-09,3.9646
2019-05-10,3.9614
2019-05-13,3.9778
2019-05-14,3.9737
2019-05-15,3.9845
2019-05-16,4.0061
2019-05-17,4.0909
2019-05-20,4.1133
2019-05-21,4.0678
2019-05-22,4.0245
2019-05-23,4.0329
2019-05-24,4.0251
2019-05-27,
2019-05-28,4.0215
2019-05-29,3.9937
2019-05-30,3.9658
2019-05-31,3.9216
2019-06-03,3.8918
2019-06-04,3.8593
2019-06-05,3.8655
2019-06-06,3.874
2019-06-07,3.8616
2019-06-10,3.8708
2019-06-11,3.8593
2019-06-12,3.836
2019-06-13,3.8456
2019-06-14,3.8936
2019-06-17,3.8858
2019-06-18,3.8549
2019-06-19,3.8731
2019-06-20,3.8386
2019-06-21,3.8212
2019-06-24,3.8265
2019-06-25,3.8312
2019-06-26,3.8355
2019-06-27,3.8604
2019-06-28,3.829
2019-07-01,3.8217
2019-07-02,3.8613
2019-07-03,3.8421
2019-07-04,
2019-07-05,3.8178
2019-07-08,3.8045
2019-07-09,3.8045
2019-07-10,3.7646
2019-07-11,3.7577
2019-07-12,3.7429
2019-07-15,3.749
2019-07-16,3.7607
2019-07-17,3.7611
2019-07-18,3.7443
2019-07-19,3.7406
2019-07-22,3.735
2019-07-23,3.768
2019-07-24,3.761
2019-07-25,3.788
2019-07-26,3.7714
2019-07-29,3.7873
2019-07-30,3.7867
2019-07-31,3.7571
2019-08-01,3.8366
2019-08-02,3.8789
2019-08-05,3.9423
2019-08-06,3.974
2019-08-07,3.9863
2019-08-08,3.9349
2019-08-09,3.9385
2019-08-12,3.9862
2019-08-13,3.9531
2019-08-14,4.0143
2019-08-15,4.01
2019-08-16,3.9926
2019-08-19,4.0344
2019-08-20,4.0409
2019-08-21,4.0188
2019-08-22,4.0558
2019-08-23,4.1114
2019-08-26,4.1528
2019-08-27,4.1813
2019-08-28,4.1553
2019-08-29,4.1595
2019-08-30,4.1254
2019-09-02,
2019-09-03,4.1726
2019-09-04,4.114
2019-09-05,4.0908
2019-09-06,4.0643
2019-09-09,4.0819
2019-09-10,4.101
2019-09-11,4.0592
2019-09-12,4.0606
2019-09-13,4.061
2019-09-16,4.0831
2019-09-17,4.097
2019-09-18,4.0964
2019-09-19,4.1389
2019-09-20,4.1698
2019-09-23,4.1771
2019-09-24,4.1737
2019-09-25,4.1764
2019-09-26,4.1517
2019-09-27,4.1576
2019-09-30,4.1629
2019-10-01,4.1624
2019-10-02,4.1434
2019-10-03,4.0876
2019-10-04,4.0601
2019-10-07,4.0831
2019-10-08,4.0846
2019-10-09,4.1043
2019-10-10,4.1075
2019-10-11,4.0945
2019-10-14,
2019-10-15,4.1506
2019-10-16,4.161
2019-10-17,4.16
2019-10-18,4.1312
2019-10-21,4.136
2019-10-22,4.0713
2019-10-23,4.0674
2019-10-24,4.01
2019-10-25,4.0018
2019-10-28,3.9769
2019-10-29,3.9923
2019-10-30,4.017
2019-10-31,4.013
2019-11-01,3.9756
2019-11-04,4.0007
2019-11-05,3.9865
2019-11-06,4.0582
2019-11-07,4.0884
2019-11-08,4.1545
2019-11-11,
2019-11-12,4.1742
2019-11-13,4.1772
2019-11-14,4.1912
2019-11-15,4.1957
2019-11-18,4.1932
2019-11-19,4.2032
2019-11-20,4.1955
2019-11-21,4.2213
2019-11-22,4.1859
2019-11-25,4.2153
2019-11-26,4.2594
2019-11-27,4.2569
2019-11-28,
2019-11-29,4.2272
2019-12-02,4.22
2019-12-03,4.1928
2019-12-04,4.1886
2019-12-05,4.1912
2019-12-06,4.1749
2019-12-09,4.1299
2019-12-10,4.1412
2019-12-11,4.1179
2019-12-12,4.099
2019-12-13,4.1065
2019-12-16,4.0681
2019-12-17,4.0673
2019-12-18,4.0624
2019-12-19,4.058
2019-12-20,4.0859
2019-12-23,4.0621
2019-12-24,4.0833
2019-12-25,
2019-12-26,4.0602
2019-12-27,4.0507
2019-12-30,4.0152
2019-12-31,4.019
2020-01-01,
2020-01-02,4.0384
2020-01-03,4.0378
2020-01-06,4.0548
2020-01-07,4.0813
2020-01-08,4.0463
2020-01-09,4.0747
2020-01-10,4.0771
2020-01-13,4.1351
2020-01-14,4.1409
2020-01-15,4.1773
2020-01-16,4.1903
2020-01-17,4.1857
2020-01-20,
2020-01-21,4.2
2020-01-22,4.1852
2020-01-23,4.1689
2020-01-24,4.1879
2020-01-27,4.2268
2020-01-28,4.2094
2020-01-29,4.2162
2020-01-30,4.2602
2020-01-31,4.2801
2020-02-03,4.2411
2020-02-04,4.2405
2020-02-05,4.2567
2020-02-06,4.2694
2020-02-07,4.3126
2020-02-10,4.3155
2020-02-11,4.3346
2020-02-12,4.3428
2020-02-13,4.3302
2020-02-14,4.3104
2020-02-17,
2020-02-18,4.3507
2020-02-19,4.366
2020-02-20,4.3845
2020-02-21,4.383
2020-02-24,4.3878
2020-02-25,4.3878
2020-02-26,4.4304
2020-02-27,4.4587
2020-02-28,4.4906
2020-03-02,4.4782
2020-03-03,4.4908
2020-03-04,4.5497
2020-03-05,4.6533
2020-03-06,4.638
2020-03-09,4.7304
2020-03-10,4.6745
2020-03-11,4.6844
2020-03-12,4.8563
2020-03-13,4.7622
2020-03-16,4.9813
2020-03-17,5.0185
2020-03-18,5.1136
2020-03-19,5.1503
2020-03-20,5.001
2020-03-23,5.1286
2020-03-24,5.0731
2020-03-25,5.0589
2020-03-26,4.9972
2020-03-27,5.1113
2020-03-30,5.1593
2020-03-31,5.1855
2020-04-01,5.2494
2020-04-02,5.2649
2020-04-03,5.3129
2020-04-06,5.2342
2020-04-07,5.2319
2020-04-08,5.1701
2020-04-09,5.0708
2020-04-10,5.1063
2020-04-13,5.1871
2020-04-14,5.2074
2020-04-15,5.2559
2020-04-16,5.2318
2020-04-17,5.255
2020-04-20,5.2911
2020-04-21,5.3166
2020-04-22,5.3955
2020-04-23,5.4498
2020-04-24,5.6858
2020-04-27,5.6741
2020-04-28,5.5646
2020-04-29,5.3923
2020-04-30,5.4296
2020-05-01,5.4858
2020-05-04,5.5714
2020-05-05,5.5623
2020-05-06,5.6798
2020-05-07,5.8027
2020-05-08,5.7455
2020-05-11,5.7958
2020-05-12,5.7922
2020-05-13,5.9204
2020-05-14,5.9181
2020-05-15,5.8235
2020-05-18,5.708
2020-05-19,5.7101
2020-05-20,5.6909
2020-05-21,5.5989
2020-05-22,5.5663
2020-05-25,
2020-05-26,5.376
2020-05-27,5.2818
2020-05-28,5.3346
2020-05-29,5.4248
2020-06-01,5.3727
2020-06-02,5.2331
2020-06-03,5.0417
2020-06-04,5.0927
2020-06-05,4.9542
2020-06-08,4.8858
2020-06-09,4.899
2020-06-10,4.8979
2020-06-11,4.976
2020-06-12,5.0241
2020-06-15,5.2082
2020-06-16,5.1563
2020-06-17,5.264
2020-06-18,5.354
2020-06-19,5.3388
2020-06-22,5.2235
2020-06-23,5.1578
2020-06-24,5.302
2020-06-25,5.3541
2020-06-26,5.4661
2020-06-29,5.4587
2020-06-30,5.4844
2020-07-01,5.3492
2020-07-02,5.3146
2020-07-03,
2020-07-06,5.314
2020-07-07,5.358
2020-07-08,5.3581
2020-07-09,5.3182
2020-07-10,5.3334
2020-07-13,5.3439
2020-07-14,5.429
2020-07-15,5.362
2020-07-16,5.343
2020-07-17,5.352
2020-07-20,5.3365
2020-07-21,5.1936
2020-07-22,5.0973
2020-07-23,5.1405
2020-07-24,5.1948
2020-07-27,5.1835
2020-07-28,5.1684
2020-07-29,5.1483
2020-07-30,5.1824
2020-07-31,5.1967
2020-08-03,5.32
2020-08-04,5.3259
2020-08-05,5.2928
2020-08-06,5.3537
2020-08-07,5.4343
2020-08-10,5.423
2020-08-11,5.423
2020-08-12,5.4745
2020-08-13,5.3835
2020-08-14,5.3881
2020-08-17,5.4734
2020-08-18,5.4845
2020-08-19,5.5045
2020-08-20,5.637
2020-08-21,5.5949
2020-08-24,5.601
2020-08-25,5.6046
2020-08-26,5.6073
2020-08-27,5.5965
2020-08-28,5.4469
2020-08-31,5.4698
2020-09-01,5.3578
2020-09-02,5.355
2020-09-03,5.3078
2020-09-04,5.2873
2020-09-07,
2020-09-08,5.351
2020-09-09,5.2849
2020-09-10,5.3023
2020-09-11,5.304
2020-09-14,5.2892
2020-09-15,5.2852
2020-09-16,5.241
2020-09-17,5.2584
2020-09-18,5.3056
2020-09-21,5.4397
2020-09-22,5.47
2020-09-23,5.549
2020-09-24,5.5308
2020-09-25,5.5644
2020-09-28,5.6155
2020-09-29,5.6679
2020-09-30,5.6326
2020-10-01,5.6463
2020-10-02,5.6822
2020-10-05,5.6173
2020-10-06,5.5402
2020-10-07,5.6125
2020-10-08,5.5948
2020-10-09,5.522
2020-10-12,
2020-10-13,5.5944
2020-10-14,5.5804
2020-10-15,5.616
2020-10-16,5.6228
2020-10-19,5.578
2020-10-20,5.5773
2020-10-21,5.6084
2020-10-22,5.5843
2020-10-23,5.6135
2020-10-26,5.6141
2020-10-27,5.6484
2020-10-28,5.7406
2020-10-29,5.779
2020-10-30,5.7588
2020-11-02,5.7425
2020-11-03,5.7328
2020-11-04,5.654
2020-11-05,5.5682
2020-11-06,5.4577
2020-11-09,5.3696
2020-11-10,5.3715
2020-11-11,
2020-11-12,5.4141
2020-11-13,5.5006
2020-11-16,5.3999
2020-11-17,5.3401
2020-11-18,5.3069
2020-11-19,5.3149
2020-11-20,5.3671
2020-11-23,5.436
2020-11-24,5.391
2020-11-25,5.3224
2020-11-26,
2020-11-27,
2020-11-30,5.3785
2020-12-01,5.263
2020-12-02,5.2384
2020-12-03,5.1243
2020-12-04,5.161
2020-12-07,5.0713
2020-12-08,5.0824
2020-12-09,5.1504
2020-12-10,5.0699
2020-12-11,5.0538
2020-12-14,5.1103
2020-12-15,5.1105
2020-12-16,5.1282
2020-12-17,5.0591
2020-12-18,5.081
2020-12-21,5.128
2020-12-22,5.1593
2020-12-23,5.2087
2020-12-24,
2020-12-25,
2020-12-28,5.3016
2020-12-29,5.1679
2020-12-30,5.176
2020-12-31,5.1935
2021-01-01,
2021-01-04,5.2466
2021-01-05,5.3035
2021-01-06,5.3368
2021-01-07,5.4024
2021-01-08,5.3855
2021-01-11,5.4809
2021-01-12,5.4166
2021-01-13,5.2938
2021-01-14,5.2304
2021-01-15,5.2589
2021-01-18,
2021-01-19,5.333
2021-01-20,
2021-01-21,5.3753
2021-01-22,5.4518
2021-01-25,5.4665
2021-01-26,5.3682
2021-01-27,5.4139
2021-01-28,5.3992
2021-01-29,5.4479
2021-02-01,5.4746
2021-02-02,5.3704
2021-02-03,5.3624
2021-02-04,5.4236
2021-02-05,5.3522
2021-02-08,5.3153
2021-02-09,5.4261
2021-02-10,5.3601
2021-02-11,5.3876
2021-02-12,5.3699
2021-02-15,
2021-02-16,5.3765
2021-02-17,5.4059
2021-02-18,5.4391
2021-02-19,5.3938
2021-02-22,5.4781
2021-02-23,5.4267
2021-02-24,5.4249
2021-02-25,5.4903
2021-02-26,5.5724
2021-03-01,5.5704
2021-03-02,5.711
2021-03-03,5.7591
2021-03-04,5.5666
2021-03-05,5.6912
2021-03-08,5.7341
2021-03-09,5.8084
2021-03-10,5.672
2021-03-11,5.553
2021-03-12,5.553
2021-03-15,5.6539
2021-03-16,5.5756
2021-03-17,5.655
2021-03-18,5.5366
2021-03-19,5.475
2021-03-22,5.5316
2021-03-23,5.4771
2021-03-24,5.555
2021-03-25,5.6352
2021-03-26,5.7132
2021-03-29,5.7778
2021-03-30,5.7439
2021-03-31,5.659
2021-04-01,5.6887
2021-04-02,5.7075
2021-04-05,5.6584
2021-04-06,5.6143
2021-04-07,5.6062
2021-04-08,5.5743
2021-04-09,5.6522
2021-04-12,5.6974
2021-04-13,5.6898
2021-04-14,5.6806
2021-04-15,5.611
2021-04-16,5.6107
2021-04-19,5.5687
2021-04-20,5.5185
2021-04-21,5.5687
2021-04-22,5.4971
2021-04-23,5.5011
2021-04-26,5.4508
2021-04-27,5.4342
2021-04-28,5.3964
2021-04-29,5.3624
2021-04-30,5.4194
2021-05-03,5.3857
2021-05-04,5.449
2021-05-05,5.3648
2021-05-06,5.2804
2021-05-07,5.214
2021-05-10,5.2244
2021-05-11,5.2124
2021-05-12,5.2529
2021-05-13,5.2793
2021-05-14,5.2574
2021-05-17,5.2594
2021-05-18,5.2359
2021-05-19,5.265
2021-05-20,5.2831
2021-05-21,5.3235
2021-05-24,5.3223
2021-05-25,5.306
2021-05-26,5.3062
2021-05-27,5.2642
2021-05-28,5.2187
2021-05-31,
2021-06-01,5.1631
2021-06-02,5.0743
2021-06-03,5.0777
2021-06-04,5.067
2021-06-07,5.019
2021-06-08,5.0383
2021-06-09,5.0651
2021-06-10,5.0672
2021-06-11,5.1299
2021-06-14,5.0567
2021-06-15,5.0911
2021-06-16,4.9991
2021-06-17,5.0244
2021-06-18,5.0405
2021-06-21,5.0306
2021-06-22,4.9994
2021-06-23,4.9518
2021-06-24,4.9169
2021-06-25,4.9245
2021-06-28,4.9451
2021-06-29,4.9378
2021-06-30,5.0083
2021-07-01,5.0339
2021-07-02,5.0431
2021-07-05,
2021-07-06,5.1803
2021-07-07,5.2678
2021-07-08,5.2336
2021-07-09,5.2579
2021-07-12,5.1939
2021-07-13,5.1544
2021-07-14,5.0861
2021-07-15,5.118
2021-07-16,5.0922
2021-07-19,5.21
2021-07-20,5.219
2021-07-21,5.2313
2021-07-22,5.2071
2021-07-23,5.1766
2021-07-26,5.172
2021-07-27,5.1603
2021-07-28,5.1547
2021-07-29,5.0497
2021-07-30,5.1411
2021-08-02,5.1251
2021-08-03,5.2362
2021-08-04,5.2362
2021-08-05,5.175
2021-08-06,5.2236
2021-08-09,5.2861
2021-08-10,5.1931
2021-08-11,5.203
2021-08-12,5.2352
2021-08-13,5.2345
2021-08-16,5.2466
2021-08-17,5.2538
2021-08-18,5.3421
2021-08-19,5.4027
2021-08-20,5.399
2021-08-23,5.384
2021-08-24,5.2771
2021-08-25,5.247
2021-08-26,5.2428
2021-08-27,5.1956
2021-08-30,5.1921
2021-08-31,5.1405
2021-09-01,5.1809
2021-09-02,5.164
2021-09-03,5.1692
2021-09-06,
2021-09-07,5.1692
2021-09-08,5.2843
2021-09-09,5.2764
2021-09-10,5.2169
2021-09-13,5.2073
2021-09-14,5.2235
2021-09-15,5.255
2021-09-16,5.2535
2021-09-17,5.295
2021-09-20,5.3266
2021-09-21,5.2895
2021-09-22,5.2715
2021-09-23,5.2917
2021-09-24,5.3404
2021-09-27,5.3571
2021-09-28,5.4279
2021-09-29,5.4062
2021-09-30,5.4528
2021-10-01,5.3674
2021-10-04,5.4333
2021-10-05,5.4633
2021-10-06,5.513
2021-10-07,5.5073
2021-10-08,5.5178
2021-10-11,
2021-10-12,5.532
2021-10-13,5.5525
2021-10-14,5.5048
2021-10-15,5.4457
2021-10-18,5.5211
2021-10-19,5.5525
2021-10-20,5.5476
2021-10-21,5.6455
2021-10-22,5.7223
2021-10-25,5.6009
2021-10-26,5.5833
2021-10-27,5.5812
2021-10-28,5.612
2021-10-29,5.6291
2021-11-01,5.6795
2021-11-02,5.6795
2021-11-03,5.6188
2021-11-04,5.5877
2021-11-05,5.5335
2021-11-08,5.5455
2021-11-09,5.502
2021-11-10,5.4709
2021-11-11,
2021-11-12,5.4341
2021-11-15,5.4575
2021-11-16,5.498
2021-11-17,5.5082
2021-11-18,5.5485
2021-11-19,5.5728
2021-11-22,5.586
2021-11-23,5.6485
2021-11-24,5.5937
2021-11-25,
2021-11-26,5.5903
2021-11-29,5.6233
2021-11-30,5.6569
2021-12-01,5.6355
2021-12-02,5.6272
2021-12-03,5.6773
2021-12-06,5.682
2021-12-07,5.6294
2021-12-08,5.5395
2021-12-09,5.5838
2021-12-10,5.5991
2021-12-13,5.6598
2021-12-14,5.6713
2021-12-15,5.7099
2021-12-16,5.6652
2021-12-17,5.6754
2021-12-20,5.722
2021-12-21,5.7475
2021-12-22,5.7017
2021-12-23,5.6821
2021-12-24,
2021-12-27,5.6401
2021-12-28,5.6372
2021-12-29,5.6915
2021-12-30,5.5749
2021-12-31,
2022-01-03,5.6597
2022-01-04,5.677
2022-01-05,5.6876
2022-01-06,5.7027
2022-01-07,5.6253
2022-01-10,5.6788
2022-01-11,5.598
2022-01-12,5.5541
2022-01-13,5.5122
2022-01-14,5.5393
2022-01-17,
2022-01-18,5.5329
2022-01-19,5.4668
2022-01-20,5.4052
2022-01-21,5.4225
2022-01-24,5.5116
2022-01-25,5.4818
2022-01-26,5.4366
2022-01-27,5.4252
2022-01-28,5.3943
2022-01-31,5.2893
2022-02-01,5.2812
2022-02-02,5.2787
2022-02-03,5.3047
2022-02-04,5.3266
2022-02-07,5.2922
2022-02-08,5.2712
2022-02-09,5.2641
2022-02-10,5.1978
2022-02-11,5.2015
2022-02-14,5.2153
2022-02-15,5.1807
2022-02-16,5.1584
2022-02-17,5.1599
2022-02-18,5.1219
2022-02-21,
2022-02-22,5.0611
2022-02-23,5.0181
2022-02-24,5.1248
2022-02-25,5.1515
2022-02-28,5.1599
2022-03-01,5.1595
2022-03-02,5.1511
2022-03-03,5.0551
2022-03-04,5.0867
2022-03-07,5.0841
2022-03-08,5.0874
2022-03-09,4.9932
2022-03-10,5.0424
2022-03-11,5.0513
2022-03-14,5.0834
2022-03-15,5.1424
2022-03-16,5.1083
2022-03-17,5.0427
2022-03-18,5.0165
2022-03-21,4.9477
2022-03-22,4.9365
2022-03-23,4.8479
2022-03-24,4.8202
2022-03-25,4.7577
2022-03-28,4.7917
2022-03-29,4.7554
2022-03-30,4.7695
2022-03-31,4.7264
2022-04-01,4.6944
2022-04-04,4.6195
2022-04-05,4.6592
2022-04-06,4.6892
2022-04-07,4.7619
2022-04-08,4.7495
2022-04-11,4.7031
2022-04-12,4.6705
2022-04-13,4.684
2022-04-14,4.707
2022-04-15,4.6965
2022-04-18,4.6772
2022-04-19,4.6689
2022-04-20,4.6171
2022-04-21,4.622
2022-04-22,4.7675
2022-04-25,4.941
2022-04-26,4.985
2022-04-27,5.0058
2022-04-28,4.9973
2022-04-29,4.9325
2022-05-02,5.0275
2022-05-03,4.9999
2022-05-04,4.9962
2022-05-05,5.0481
2022-05-06,5.0626
2022-05-09,5.1235
2022-05-10,5.151
2022-05-11,5.1042
2022-05-12,5.1368
2022-05-13,5.0801
2022-05-16,5.0645
2022-05-17,4.9546
2022-05-18,4.972
2022-05-19,4.9035
2022-05-20,4.8618
2022-05-23,4.7934
2022-05-24,4.8275
2022-05-25,4.8498
2022-05-26,4.7824
2022-05-27,4.7255
2022-05-30,
2022-05-31,4.7264
2022-06-01,4.8003
2022-06-02,4.779
2022-06-03,4.7973
2022-06-06,4.7974
2022-06-07,4.8848
2022-06-08,4.8714
2022-06-09,4.888
2022-06-10,4.9947
2022-06-13,5.0988
2022-06-14,5.1353
2022-06-15,5.1117
2022-06-16,5.0535
2022-06-17,5.142
2022-06-20,
2022-06-21,5.1333
2022-06-22,5.1563
2022-06-23,5.2021
2022-06-24,5.2363
2022-06-27,5.2078
2022-06-28,5.2531
2022-06-29,5.2386
2022-06-30,5.2196
2022-07-01,5.3083
2022-07-04,
2022-07-05,5.3903
2022-07-06,5.4558
2022-07-07,5.352
2022-07-08,5.2961
2022-07-11,5.3432
2022-07-12,5.4192
2022-07-13,5.3764
2022-07-14,5.4237
2022-07-15,5.384
2022-07-18,5.373
2022-07-19,5.394
2022-07-20,5.4325
2022-07-21,5.497
2022-07-22,5.4558
2022-07-25,5.4015
2022-07-26,5.3699
2022-07-27,5.2962
2022-07-28,5.215
2022-07-29,5.181
2022-08-01,5.1508
2022-08-02,5.242
2022-08-03,5.2693
2022-08-04,5.2165
2022-08-05,5.1987
2022-08-08,5.1331
2022-08-09,5.1302
2022-08-10,5.053
2022-08-11,5.1396
2022-08-12,5.086
2022-08-15,5.0818
2022-08-16,5.1443
2022-08-17,5.1705
2022-08-18,5.1873
2022-08-19,5.1947
2022-08-22,5.1669
2022-08-23,5.081
2022-08-24,5.0939
2022-08-25,5.116
2022-08-26,5.0826
2022-08-29,5.0273
2022-08-30,5.077
2022-08-31,5.187
2022-09-01,5.2238
2022-09-02,5.172
2022-09-05,
2022-09-06,5.2305
2022-09-07,5.248
2022-09-08,5.2196
2022-09-09,5.1541
2022-09-12,5.1562
2022-09-13,5.186
2022-09-14,5.1755
2022-09-15,5.233
2022-09-16,5.287
2022-09-19,5.1762
2022-09-20,5.1516
2022-09-21,5.1806
2022-09-22,5.1742
2022-09-23,5.237
2022-09-26,5.3914
2022-09-27,5.3595
2022-09-28,5.3636
2022-09-29,5.3943
2022-09-30,5.4008
2022-10-03,5.1823
2022-10-04,5.1523
2022-10-05,5.2205
2022-10-06,5.2052
2022-10-07,5.2151
2022-10-10,
2022-10-11,5.2105
2022-10-12,5.2929
2022-10-13,5.2779
2022-10-14,5.298
2022-10-17,5.2606
2022-10-18,5.2905
2022-10-19,5.2816
2022-10-20,5.2053
2022-10-21,5.175
2022-10-24,5.2768
2022-10-25,5.2898
2022-10-26,5.3228
2022-10-27,5.2839
2022-10-28,5.3547
2022-10-31,5.2464
2022-11-01,5.1073
2022-11-02,5.1432
2022-11-03,5.1005
2022-11-04,5.0443
2022-11-07,5.1222
2022-11-08,5.1422
2022-11-09,5.1499
2022-11-10,5.3287
2022-11-11,
2022-11-14,5.3173
2022-11-15,5.333
2022-11-16,5.3542
2022-11-17,5.4584
2022-11-18,5.3757
2022-11-21,5.3335
2022-11-22,5.3571
2022-11-23,5.3905
2022-11-24,
2022-11-25,5.3838
2022-11-28,5.368
2022-11-29,5.2945
2022-11-30,5.2563
2022-12-01,5.1868
2022-12-02,5.21
2022-12-05,5.2611
2022-12-06,5.2415
2022-12-07,5.2187
2022-12-08,5.2003
2022-12-09,5.2365
2022-12-12,5.3344
2022-12-13,5.269
2022-12-14,5.2997
2022-12-15,5.3285
2022-12-16,5.2725
2022-12-19,5.3097
2022-12-20,5.2006
2022-12-21,5.1955
2022-12-22,5.1655
2022-12-23,5.1368
2022-12-26,
2022-12-27,5.279
2022-12-28,5.2675
2022-12-29,5.2547
2022-12-30,5.286
2023-01-02,
2023-01-03,5.4257
2023-01-04,5.443
2023-01-05,5.384
2023-01-06,5.2533
2023-01-09,5.2648
2023-01-10,5.2159
2023-01-11,5.195
2023-01-12,5.112
2023-01-13,5.0968
2023-01-16,
2023-01-17,5.0974
2023-01-18,5.1288
2023-01-19,5.2233
2023-01-20,5.2109
2023-01-23,5.1884
2023-01-24,5.1405
2023-01-25,5.0902
2023-01-26,5.0875
2023-01-27,5.0902
2023-01-30,5.1024
2023-01-31,5.0934
2023-02-01,5.0746
2023-02-02,5.0138
2023-02-03,5.1339
2023-02-06,5.2025
2023-02-07,5.1868
2023-02-08,5.2183
2023-02-09,5.2528
2023-02-10,5.2528
2023-02-13,5.1822
2023-02-14,5.1738
2023-02-15,5.2172
2023-02-16,5.2313
2023-02-17,5.1776
2023-02-20,
2023-02-21,5.1674
2023-02-22,5.194
2023-02-23,5.1386
2023-02-24,5.1865
2023-02-27,5.2031
2023-02-28,5.2283
2023-03-01,5.1965
2023-03-02,5.2033
2023-03-03,5.2067
2023-03-06,5.168
2023-03-07,5.1933
2023-03-08,5.1251
2023-03-09,5.1542
2023-03-10,5.1838
2023-03-13,5.2382
2023-03-14,5.2565
2023-03-15,5.3062
2023-03-16,5.28
2023-03-17,5.2813
2023-03-20,5.2475
2023-03-21,5.2458
2023-03-22,5.2594
2023-03-23,5.2692
2023-03-24,5.2506
2023-03-27,5.234
2023-03-28,5.1678
2023-03-29,5.1405
2023-03-30,5.1203
2023-03-31,5.0702
2023-04-03,5.0683
2023-04-04,5.0919
2023-04-05,5.038
2023-04-06,5.0644
2023-04-07,5.0565
2023-04-10,5.0832
2023-04-11,5.0078
2023-04-12,4.937
2023-04-13,4.902
2023-04-14,4.9385
2023-04-17,4.945
2023-04-18,4.9735
2023-04-19,5.0511
2023-04-20,5.0422
2023-04-21,5.0486
2023-04-24,5.0554
2023-04-25,5.0618
2023-04-26,5.0487
2023-04-27,5.0116
2023-04-28,5.0049
2023-05-01,4.9889
2023-05-02,5.041
2023-05-03,5.0133
2023-05-04,5.0196
2023-05-05,4.9534
2023-05-08,4.9925
2023-05-09,4.9838
2023-05-10,4.9559
2023-05-11,4.958
2023-05-12,4.925
2023-05-15,4.9056
2023-05-16,4.9139
2023-05-17,4.9416
2023-05-18,4.9641
2023-05-19,4.9842
2023-05-22,4.9627
2023-05-23,4.9535
2023-05-24,4.9427
2023-05-25,5.0147
2023-05-26,5.0035
2023-05-29,
2023-05-30,5.0614
2023-05-31,5.1087
2023-06-01,5.0201
2023-06-02,4.9592
2023-06-05,4.9171
2023-06-06,4.9108
2023-06-07,4.9082
2023-06-08,4.9235
2023-06-09,4.8846
2023-06-12,4.8773
2023-06-13,4.8567
2023-06-14,4.8424
2023-06-15,4.8111
2023-06-16,4.8309
2023-06-19,
2023-06-20,4.7959
2023-06-21,4.764
2023-06-22,4.7764
2023-06-23,4.7734
2023-06-26,4.77
2023-06-27,4.8042
2023-06-28,4.8433
2023-06-29,4.8491
2023-06-30,4.8102
2023-07-03,4.79
2023-07-04,
2023-07-05,4.8574
2023-07-06,4.925
2023-07-07,4.8622
2023-07-10,4.8652
2023-07-11,4.8823
2023-07-12,4.8148
2023-07-13,4.8131
2023-07-14,4.7988
2023-07-17,4.8249
2023-07-18,4.7985
2023-07-19,4.8022
2023-07-20,4.8074
2023-07-21,4.768
2023-07-24,4.7309
2023-07-25,4.7442
2023-07-26,4.7355
2023-07-27,4.7179
2023-07-28,4.7306
2023-07-31,4.7407
2023-08-01,4.7824
2023-08-02,4.814
2023-08-03,4.882
2023-08-04,4.8548
2023-08-07,4.8971
2023-08-08,4.9083
2023-08-09,4.902
2023-08-10,4.8453
2023-08-11,4.8944
2023-08-14,4.9555
2023-08-15,4.9753
2023-08-16,4.966
2023-08-17,4.9836
2023-08-18,4.9649
2023-08-21,4.9864
2023-08-22,4.937
2023-08-23,4.8789
2023-08-24,4.8825
2023-08-25,4.8765
2023-08-28,4.8931
2023-08-29,4.8566
2023-08-30,4.8592
2023-08-31,4.9324
2023-09-01,4.9425
2023-09-04,
2023-09-05,4.9643
2023-09-06,4.969
2023-09-07,4.9767
2023-09-08,4.9762
2023-09-11,4.9346
2023-09-12,4.9423
2023-09-13,4.9053
2023-09-14,4.8669
2023-09-15,4.8674
2023-09-18,4.8469
2023-09-19,4.8586
2023-09-20,4.8471
2023-09-21,4.9212
2023-09-22,4.9128
2023-09-25,4.9637
2023-09-26,4.9835
2023-09-27,5.0565
2023-09-28,5.0357
2023-09-29,5.0021
2023-10-02,5.077
2023-10-03,5.1348
2023-10-04,5.1362
2023-10-05,5.1809
2023-10-06,5.153
2023-10-09,
2023-10-10,5.0668
2023-10-11,5.0501
2023-10-12,5.0472
2023-10-13,5.074
2023-10-16,5.0571
2023-10-17,5.0157
2023-10-18,5.0635
2023-10-19,5.0435
2023-10-20,5.0346
2023-10-23,5.0066
2023-10-24,4.9998
2023-10-25,4.9987
2023-10-26,5.0051
2023-10-27,4.9464
2023-10-30,5.039
2023-10-31,5.0433
2023-11-01,5.0154
2023-11-02,4.9539
2023-11-03,4.8879
2023-11-06,4.8921
2023-11-07,4.8677
2023-11-08,4.8905
2023-11-09,4.9037
2023-11-10,
2023-11-13,4.909
2023-11-14,4.8658
2023-11-15,4.86
2023-11-16,4.879
2023-11-17,4.8964
2023-11-20,4.8652
2023-11-21,4.8933
2023-11-22,4.8885
2023-11-23,
2023-11-24,4.899
2023-11-27,4.9058
2023-11-28,4.8614
2023-11-29,4.8962
2023-11-30,4.9297
2023-12-01,4.886
2023-12-04,4.9293
2023-12-05,4.9483
2023-12-06,4.8987
2023-12-07,4.9042
2023-12-08,4.9324
2023-12-11,4.9404
2023-12-12,4.9635
2023-12-13,4.9721
2023-12-14,4.8976
2023-12-15,4.9391
2023-12-18,4.9363
2023-12-19,4.8638
2023-12-20,4.8906
2023-12-21,4.8742
2023-12-22,4.8579
2023-12-25,
2023-12-26,4.826
2023-12-27,4.8321
2023-12-28,4.8514
2023-12-29,4.8521
2024-01-01,
2024-01-02,4.8943
2024-01-03,4.9239
2024-01-04,4.9143
2024-01-05,4.8744
2024-01-08,4.8745
2024-01-09,4.8956
2024-01-10,4.8929
2024-01-11,4.8838
2024-01-12,4.8536
2024-01-15,
2024-01-16,4.9163
2024-01-17,4.928
2024-01-18,4.944
2024-01-19,4.928
2024-01-22,4.9815
2024-01-23,4.9744
2024-01-24,4.919
2024-01-25,4.9272
2024-01-26,4.9135
2024-01-29,4.9422
2024-01-30,4.9627
2024-01-31,4.939
2024-02-01,4.9195
2024-02-02,4.97
2024-02-05,5.0018
2024-02-06,4.9539
2024-02-07,4.9628
2024-02-08,4.994
2024-02-09,4.9678
2024-02-12,4.9536
2024-02-13,4.9536
2024-02-14,4.9653
2024-02-15,4.9739
2024-02-16,4.9702
2024-02-19,
2024-02-20,4.9324
2024-02-21,4.9276
2024-02-22,4.9408
2024-02-23,4.976
2024-02-26,4.989
2024-02-27,4.9423
2024-02-28,4.952
2024-02-29,4.971
2024-03-01,4.9483
2024-03-04,4.9428
2024-03-05,4.9565
2024-03-06,4.9351
2024-03-07,4.9319
2024-03-08,4.9766
2024-03-11,4.9678
2024-03-12,4.982
2024-03-13,4.9763
2024-03-14,4.9812
2024-03-15,4.9948
2024-03-18,5.0194
2024-03-19,5.0214
2024-03-20,5.0041
2024-03-21,4.9785
2024-03-22,4.9872
2024-03-25,4.9859
2024-03-26,4.991
2024-03-27,4.9756
2024-03-28,5.0042
2024-03-29,5.0153
2024-04-01,5.067
2024-04-02,5.0528
2024-04-03,5.0621
2024-04-04,5.0086
2024-04-05,5.0638
2024-04-08,5.0292
2024-04-09,5.0049
2024-04-10,5.0736
2024-04-11,5.0763
2024-04-12,5.1374
2024-04-15,5.1791
2024-04-16,5.2679
2024-04-17,5.2401
2024-04-18,5.2567
2024-04-19,5.2103
2024-04-22,5.209
2024-04-23,5.1919
2024-04-24,5.157
2024-04-25,5.1643
2024-04-26,5.1143
2024-04-29,5.1169
2024-04-30,5.1764
2024-05-01,5.1936
2024-05-02,5.1131
2024-05-03,5.072
2024-05-06,5.0648
2024-05-07,5.0656
2024-05-08,5.0645
2024-05-09,5.1568
2024-05-10,5.1545
2024-05-13,5.1605
2024-05-14,5.1348
2024-05-15,5.1298
2024-05-16,5.1277
2024-05-17,5.1155
2024-05-20,5.097
2024-05-21,5.1123
2024-05-22,5.146
2024-05-23,5.15
2024-05-24,5.1491
2024-05-27,
2024-05-28,5.1541
2024-05-29,5.203
2024-05-30,5.2034
2024-05-31,5.2413
2024-06-03,5.2345
2024-06-04,5.2887
2024-06-05,5.2824
2024-06-06,5.2549
2024-06-07,5.2731
2024-06-10,5.3645
2024-06-11,5.3529
2024-06-12,5.392
2024-06-13,5.3777
2024-06-14,5.3559
2024-06-17,5.4173
2024-06-18,5.4054
2024-06-19,
2024-06-20,5.4471
2024-06-21,5.4539
2024-06-24,5.4025
2024-06-25,5.4358
2024-06-26,5.5081
2024-06-27,5.5295
2024-06-28,5.5596
2024-07-01,5.5887
2024-07-02,5.6768
2024-07-03,5.5724
2024-07-04,
2024-07-05,5.4802
2024-07-08,5.4587
2024-07-09,5.4316
2024-07-10,5.403
2024-07-11,5.4265
2024-07-12,5.4559
2024-07-15,5.4383
2024-07-16,5.4566
2024-07-17,5.4769
2024-07-18,5.5395
2024-07-19,5.5569
2024-07-22,5.5485
2024-07-23,5.5685
2024-07-24,5.6352
2024-07-25,5.6254
2024-07-26,5.6551
2024-07-29,5.6514
2024-07-30,5.6543
2024-07-31,5.6628
2024-08-01,5.6935
2024-08-02,5.7359
2024-08-05,5.7496
2024-08-06,5.6409
2024-08-07,5.6
2024-08-08,5.6012
2024-08-09,5.5099
2024-08-12,5.5058
2024-08-13,5.4867
2024-08-14,5.4577
2024-08-15,5.461
2024-08-16,5.4751
2024-08-19,5.4048
2024-08-20,5.4727
2024-08-21,5.4737
2024-08-22,5.5675
2024-08-23,5.5102
2024-08-26,5.498
2024-08-27,5.5043
2024-08-28,5.5351
2024-08-29,5.6355
2024-08-30,5.6193
2024-09-02,
2024-09-03,5.649
2024-09-04,5.6403
2024-09-05,5.5924
2024-09-06,5.5884
2024-09-09,5.6042
2024-09-10,5.6483
2024-09-11,5.6481
2024-09-12,5.6499
2024-09-13,5.5495
2024-09-16,5.5104
2024-09-17,5.5013
2024-09-18,5.4825
2024-09-19,5.4048
2024-09-20,5.4895
2024-09-23,5.5353
2024-09-24,5.466
2024-09-25,5.4809
2024-09-26,5.4332
2024-09-27,5.4318
2024-09-30,5.4509
2024-10-01,5.4451
2024-10-02,5.4363
2024-10-03,5.4916
2024-10-04,5.4585
2024-10-07,5.4859
2024-10-08,5.5297
2024-10-09,5.5823
2024-10-10,5.5824
2024-10-11,5.6346
2024-10-14,
2024-10-15,5.6446
2024-10-16,5.6602
2024-10-17,5.6764
2024-10-18,5.6787
2024-10-21,5.7026
2024-10-22,5.6914
2024-10-23,5.7045
2024-10-24,5.7068
2024-10-25,5.7018
2024-10-28,5.7063
2024-10-29,5.7248
2024-10-30,5.778
2024-10-31,5.7887
2024-11-01,5.8292
2024-11-04,5.7707
2024-11-05,5.772
2024-11-06,5.7043
2024-11-07,5.7028
2024-11-08,5.7813
2024-11-11,
2024-11-12,5.7779
2024-11-13,5.8127
2024-11-14,5.7771
2024-11-15,5.7947
2024-11-18,5.7453
2024-11-19,5.7645
2024-11-20,5.7726
2024-11-21,5.8279
2024-11-22,5.804
2024-11-25,5.8115
2024-11-26,5.8089
2024-11-27,5.8721
2024-11-28,
2024-11-29,5.9956
2024-12-02,6.0741
2024-12-03,6.065
2024-12-04,6.033
2024-12-05,5.9745
2024-12-06,6.0739
2024-12-09,6.0648
2024-12-10,6.0549
2024-12-11,6.009
2024-12-12,6.0097
2024-12-13,6.0645
2024-12-16,6.0579
2024-12-17,6.1122
2024-12-18,6.1906
2024-12-19,6.1414
2024-12-20,6.0815
2024-12-23,6.1784
2024-12-24,6.1906
2024-12-25,
2024-12-26,6.157
2024-12-27,6.2021
2024-12-30,6.2013
2024-12-31,6.184
